Word, Frequency
the, 6686
and, 3299
that, 1994
for, 1391
are, 1084
this, 1027
have, 1012
with, 997
not, 983
you, 963
but, 677
was, 619
from, 544
can, 540
about, 506
one, 497
use, 483
they, 473
there, 471
has, 466
what, 454
articl, 449
some, 445
ani, 436
your, 421
would, 410
will, 408
get, 371
who, 364
which, 360
all, 340
like, 309
other, 307
more, 303
medic, 289
univers, 287
know, 287
when, 282
been, 282
their, 268
had, 266
peopl, 259
than, 252
these, 249
just, 243
out, 243
think, 242
scienc, 242
most, 238
msg, 237
also, 231
caus, 225
onli, 224
were, 217
may, 216
new, 212
veri, 212
make, 208
take, 206
patient, 203
should, 202
health, 201
mani, 199
time, 197
she, 195
food, 194
becaus, 192
his, 191
how, 190
research, 187
diseas, 186
such, 183
doe, 183
doctor, 180
good, 179
say, 174
effect, 173
after, 173
studi, 173
even, 171
year, 167
see, 167
too, 167
comput, 165
could, 165
inform, 163
seem, 160
problem, 159
work, 153
much, 153
then, 148
those, 147
anyon, 145
want, 144
where, 143
help, 142
tri, 141
find, 140
sinc, 139
number, 134
case, 134
two, 133
need, 132
system, 132
lot, 131
into, 130
her, 130
cancer, 130
thing, 129
question, 126
look, 123
pain, 122
differ, 121
call, 121
center, 121
test, 119
pittsburgh, 119
read, 119
report, 118
first, 117
them, 117
without, 115
treatment, 115
back, 113
water, 113
post, 113
be, 113
person, 111
way, 111
certain, 111
same, 110
realli, 110
might, 110
state, 110
over, 110
someth, 110
few, 108
whi, 105
result, 105
sure, 104
now, 104
medicin, 102
eat, 102
it, 101
sever, 100
never, 100
develop, 100
type, 99
day, 99
still, 98
candida, 96
between, 96
probabl, 95
come, 95
well, 95
general, 95
increas, 94
sensit, 94
drug, 93
human, 93
provid, 92
clinic, 92
scientif, 92
bank, 92
believ, 91
while, 91
public, 90
said, 90
program, 90
high, 90
includ, 90
everi, 90
long, 89
keyboard, 89
found, 89
show, 88
blood, 88
prevent, 88
point, 88
diet, 87
world, 87
interest, 87
normal, 87
nation, 86
kind, 84
must, 84
through, 84
did, 84
treat, 83
gordon, 83
reason, 83
among, 82
here, 82
infect, 82
part, 82
shame, 82
experi, 82
week, 81
control, 81
chastiti, 80
care, 80
evid, 80
anyth, 80
april, 80
great, 80
enough, 80
surrend, 78
possibl, 78
befor, 77
least, 77
relat, 77
idea, 77
usual, 77
product, 76
our, 76
servic, 76
keep, 76
avail, 75
less, 75
pleas, 75
organ, 74
give, 74
thank, 74
each, 74
tell, 73
dure, 73
put, 73
respons, 73
go, 73
anoth, 72
institut, 71
recent, 71
physician, 71
littl, 71
quit, 71
ask, 71
both, 71
risk, 70
group, 70
start, 70
right, 69
mean, 69
last, 69
noth, 68
whether, 67
newslett, 67
off, 67
better, 67
per, 66
made, 66
bodi, 66
becom, 65
aid, 65
level, 65
best, 65
scientist, 65
common, 64
current, 64
page, 64
natur, 64
follow, 62
under, 62
involv, 61
weight, 61
theori, 61
feel, 61
three, 61
associ, 61
someon, 61
live, 60
volum, 60
age, 59
hiv, 59
vitamin, 59
diagnos, 59
info, 58
chang, 58
own, 58
friend, 58
heard, 58
occur, 57
chines, 57
consid, 57
old, 57
often, 57
contain, 57
avoid, 57
understand, 57
amount, 57
methodolog, 57
requir, 57
similar, 57
seen, 56
refer, 56
symptom, 56
yeast, 56
method, 56
told, 55
thought, 55
done, 55
hope, 55
steve, 55
suggest, 55
got, 55
area, 54
month, 54
brain, 54
hicnet, 54
technolog, 54
reaction, 53
fact, 53
rather, 53
around, 53
unit, 52
cours, 51
actual, 51
him, 51
signific, 50
dept, 50
opinion, 50
restaur, 50
place, 50
sort, 50
direct, 50
happen, 50
depart, 49
do, 49
alway, 49
complet, 49
within, 49
produc, 49
import, 49
set, 49
abl, 49
unless, 49
order, 48
appli, 48
tobacco, 48
taken, 48
skin, 48
children, 48
issu, 48
larg, 47
david, 47
down, 47
hold, 47
acid, 47
continu, 46
support, 46
learn, 46
left, 46
publish, 46
eye, 46
migrain, 46
major, 46
object, 46
tast, 46
chronic, 45
educ, 45
end, 45
dyer, 45
intern, 45
bad, 45
coupl, 45
correct, 45
ill, 45
sinus, 44
name, 44
real, 44
muscl, 44
perhap, 44
turn, 44
particular, 44
cure, 44
reduc, 44
given, 44
accept, 44
talk, 44
smoke, 44
homeopathi, 44
subject, 43
especi, 43
sometim, 43
process, 43
although, 43
syndrom, 43
almost, 43
els, 43
either, 43
abov, 42
extrem, 42
hospit, 42
therapi, 42
concern, 42
allerg, 42
local, 42
allow, 42
rememb, 42
discuss, 42
success, 42
list, 41
gene, 41
next, 41
condit, 41
american, 41
immun, 41
appar, 41
manag, 41
adult, 41
describ, 41
though, 41
activ, 40
claim, 40
low, 40
investig, 40
suspect, 40
sound, 40
mayb, 40
usa, 40
check, 40
receiv, 40
seizur, 39
known, 39
school, 39
outbreak, 39
base, 39
form, 39
definit, 39
hard, 39
fair, 39
far, 39
basic, 39
small, 38
onc, 38
run, 38
cultur, 38
wonder, 38
serious, 38
clear, 38
appear, 38
photographi, 38
book, 38
user, 38
exercis, 38
sourc, 38
exampl, 37
smokeless, 37
vaccin, 37
pictur, 37
apr, 37
data, 37
ago, 37
let, 37
four, 37
rate, 37
send, 37
ever, 37
john, 37
anecdot, 37
antibiot, 37
approach, 37
messag, 37
notic, 37
bit, 37
against, 36
word, 36
altern, 36
hour, 36
lead, 36
pretti, 36
cell, 36
contact, 36
york, 36
further, 36
side, 36
citi, 36
dose, 36
anim, 35
matter, 35
improv, 35
except, 35
gmt, 35
advic, 35
wife, 35
communic, 35
softwar, 35
die, 35
hear, 35
agre, 35
observ, 35
chemic, 34
went, 34
child, 34
various, 34
vote, 34
flavor, 34
laboratori, 34
lyme, 34
break, 34
address, 34
allergi, 34
cannot, 34
safeti, 34
deal, 34
short, 34
practic, 33
compar, 33
japanes, 33
knowledg, 33
genet, 33
until, 33
field, 33
mention, 33
mark, 33
gain, 33
kidney, 33
answer, 33
alreadi, 33
news, 33
previous, 33
lack, 33
qualiti, 33
special, 32
origin, 32
respond, 32
typic, 32
paper, 32
away, 32
tend, 32
train, 32
essenti, 32
arm, 32
drink, 32
access, 32
glutam, 31
san, 31
suffer, 31
quack, 31
famili, 31
due, 31
krillean, 31
yet, 31
second, 31
cost, 31
exact, 30
recommend, 30
wish, 30
past, 30
empir, 30
begin, 30
big, 30
meat, 30
standard, 30
specif, 30
coli, 30
total, 30
cover, 30
machin, 30
sequenc, 30
indic, 30
surgeri, 30
heart, 29
mind, 29
california, 29
whole, 29
biolog, 29
energi, 29
offic, 29
women, 29
line, 29
poster, 29
trial, 29
colleg, 29
simpli, 28
write, 28
birth, 28
came, 28
took, 28
sens, 28
divis, 28
oral, 28
appreci, 28
canada, 28
limit, 28
perform, 28
frequent, 28
convinc, 28
stop, 28
compani, 28
strong, 28
literatur, 28
inject, 28
placebo, 28
transplant, 27
barbecu, 27
main, 27
gonorrhea, 27
select, 27
wrong, 27
injuri, 27
otherwis, 27
lab, 27
newsgroup, 27
phone, 27
affect, 27
domin, 27
psycholog, 27
obvious, 27
structur, 27
stone, 27
corn, 27
face, 27
potenti, 27
close, 27
network, 27
mine, 27
preval, 26
tissu, 26
robert, 26
headach, 26
whatev, 26
review, 26
disord, 26
meet, 26
identifi, 26
surpris, 26
adjust, 26
daili, 26
heavi, 26
mail, 26
experiment, 26
via, 26
nerv, 26
suppos, 26
toward, 26
home, 25
sick, 25
law, 25
lower, 25
term, 25
design, 25
substanc, 25
box, 25
oper, 25
sit, 25
recogn, 25
stuff, 25
rsi, 25
along, 25
depend, 25
recal, 25
needl, 25
full, 25
surveil, 25
cook, 25
north, 25
factor, 25
life, 25
proper, 25
present, 25
communiti, 24
earli, 24
move, 24
plan, 24
kirlian, 24
discov, 24
function, 24
carri, 24
author, 24
warn, 24
decid, 24
play, 24
assum, 24
advanc, 24
attack, 24
hand, 24
saw, 24
exist, 24
young, 24
restrict, 24
purpos, 23
infecti, 23
everyth, 23
model, 23
amino, 23
washington, 23
realiz, 23
appropri, 23
promot, 23
consist, 23
pay, 23
member, 23
money, 23
addit, 23
emerg, 23
propos, 23
intens, 23
stomach, 23
wisconsin, 23
protein, 23
light, 23
window, 23
histori, 23
leav, 22
sas, 22
clair, 22
bring, 22
mechan, 22
eau, 22
repeat, 22
artifici, 22
posit, 22
awar, 22
simpl, 22
email, 22
grow, 22
toxic, 22
administr, 22
topic, 22
equal, 22
imag, 22
recurr, 22
lost, 22
pressur, 22
singl, 22
view, 22
head, 22
project, 22
love, 22
cycl, 22
comment, 22
admit, 22
bloom, 22
procedur, 22
hot, 21
site, 21
molecular, 21
establish, 21
implic, 21
profession, 21
industri, 21
substanti, 21
cut, 21
percent, 21
comprehens, 21
offer, 21
regard, 21
higher, 21
experienc, 21
restraint, 21
consum, 21
anybodi, 21
spot, 21
worri, 21
physic, 21
ring, 21
mild, 21
necessarili, 21
fresh, 21
mucus, 21
lung, 21
metabol, 21
aka, 21
share, 21
intellig, 21
generat, 21
chanc, 21
applic, 20
bacteria, 20
radiologist, 20
media, 20
action, 20
sugar, 20
near, 20
watch, 20
excess, 20
steroid, 20
argument, 20
version, 20
serv, 20
engin, 20
note, 20
true, 20
techniqu, 20
open, 20
poor, 20
wrist, 20
link, 20
kill, 20
resid, 20
fit, 20
diagnosi, 20
oxal, 20
intestin, 20
critic, 19
again, 19
men, 19
defin, 19
bother, 19
student, 19
street, 19
russel, 19
infant, 19
resist, 19
healthi, 19
quick, 19
power, 19
practition, 19
explain, 19
pattern, 19
busi, 19
dri, 19
color, 19
necessari, 19
languag, 19
combin, 19
nutrit, 19
troubl, 19
liver, 19
tin, 19
membran, 19
period, 19
finger, 19
argu, 19
longer, 19
cdc, 19
reach, 19
influenza, 19
expens, 19
remov, 19
releas, 19
rare, 19
michael, 19
valid, 19
nor, 19
forsberg, 19
methanol, 19
rochest, 19
invent, 18
whose, 18
final, 18
instead, 18
nystatin, 18
netcom, 18
mistak, 18
fall, 18
arizona, 18
egg, 18
jon, 18
immedi, 18
illinoi, 18
measur, 18
former, 18
journal, 18
speak, 18
individu, 18
appl, 18
react, 18
size, 18
prove, 18
fat, 18
progress, 18
transfer, 18
drive, 18
prepar, 18
remedi, 18
mmwr, 18
futur, 18
connect, 18
market, 18
familiar, 18
toler, 18
dan, 18
cereal, 18
primari, 18
error, 18
ear, 18
rest, 18
entir, 18
modern, 18
materi, 18
relev, 18
son, 18
faq, 18
benefit, 18
ingredi, 17
predict, 17
confirm, 17
pure, 17
safe, 17
red, 17
acupunctur, 17
sampl, 17
virus, 17
analysi, 17
repli, 17
six, 17
hypothesi, 17
tool, 17
wast, 17
minut, 17
worth, 17
key, 17
shown, 17
summari, 17
resourc, 17
colorado, 17
updat, 17
insist, 17
creat, 17
detail, 17
chain, 17
assist, 17
fda, 17
consult, 17
eventu, 17
tradit, 17
conduct, 17
cambridg, 17
laser, 17
express, 17
obtain, 17
danger, 17
visit, 17
sign, 17
accord, 17
million, 17
avenu, 17
inflamm, 17
amateur, 17
extens, 17
vari, 17
guess, 17
half, 16
hurt, 16
carcinogen, 16
fantasi, 16
sudden, 16
relationship, 16
deep, 16
digest, 16
cross, 16
compon, 16
gut, 16
confer, 16
statist, 16
richard, 16
flight, 16
document, 16
mere, 16
free, 16
electr, 16
ladi, 16
ultrasound, 16
repres, 16
copi, 16
intend, 16
buy, 16
beyond, 16
miss, 16
remain, 16
particip, 16
easi, 16
today, 16
attent, 16
fax, 16
descript, 16
focus, 16
charg, 16
format, 16
insur, 16
infj, 16
compet, 16
seek, 16
itself, 16
doubt, 16
later, 16
wait, 16
figur, 16
encourag, 16
enhanc, 16
kenneth, 16
unlik, 16
return, 16
onlin, 16
averag, 15
chapter, 15
legal, 15
maintain, 15
coat, 15
bone, 15
wors, 15
reliabl, 15
role, 15
insert, 15
obes, 15
compil, 15
fire, 15
nore, 15
white, 15
add, 15
initi, 15
monitor, 15
nasa, 15
corpor, 15
outsid, 15
wood, 15
section, 15
tea, 15
wear, 15
expect, 15
collect, 15
male, 15
dietari, 15
decreas, 15
comfort, 15
prefer, 15
situat, 15
eaten, 15
easili, 15
absolut, 15
protect, 15
pill, 15
hundr, 15
respect, 15
region, 15
ration, 15
somebodi, 15
sleep, 15
determin, 15
root, 15
prescrib, 15
walk, 15
academ, 15
weak, 15
upon, 15
rule, 15
gotten, 15
patent, 15
forc, 15
ibm, 15
fast, 15
act, 15
ad, 14
multipl, 14
hernia, 14
subsequ, 14
vision, 14
spend, 14
macki, 14
estim, 14
philosoph, 14
exceed, 14
letter, 14
tendon, 14
conclud, 14
rosemail, 14
air, 14
cite, 14
rose, 14
night, 14
below, 14
thus, 14
radio, 14
bill, 14
favor, 14
flame, 14
nose, 14
dream, 14
leg, 14
overal, 14
grant, 14
negat, 14
announc, 14
fruit, 14
gave, 14
hit, 14
ethic, 14
file, 14
somewhat, 14
capabl, 14
explan, 14
handl, 14
countri, 14
georgia, 14
manufactur, 14
raw, 14
lee, 14
build, 14
hypothes, 14
texa, 14
minor, 14
boston, 14
unix, 14
thousand, 14
vagin, 14
prior, 14
ten, 14
dna, 14
evalu, 14
ftp, 14
regular, 14
diagnost, 14
impli, 14
inflammatori, 14
goe, 14
content, 14
fund, 14
tube, 13
acn, 13
everyon, 13
anonym, 13
space, 13
snuff, 13
barrier, 13
pathogen, 13
babi, 13
polio, 13
motor, 13
solid, 13
epa, 13
attach, 13
justifi, 13
gari, 13
neither, 13
behavior, 13
degre, 13
donat, 13
ate, 13
count, 13
discoveri, 13
harvard, 13
gone, 13
termin, 13
five, 13
beat, 13
constitut, 13
librari, 13
sent, 13
mac, 13
adequ, 13
slight, 13
social, 13
contamin, 13
shoulder, 13
therefor, 13
net, 13
particl, 13
hamburg, 13
distribut, 13
asthma, 13
began, 13
black, 13
construct, 13
bacteri, 13
damag, 13
bath, 13
wallach, 13
relief, 13
spread, 13
notion, 13
doc, 13
brand, 13
west, 13
text, 13
prk, 13
fungus, 13
homeopath, 13
occup, 13
drop, 13
expert, 13
fail, 13
man, 13
stori, 13
demonstr, 13
effort, 13
archiv, 13
highest, 13
endometriosi, 13
edit, 13
enzym, 13
folk, 13
mice, 13
acut, 13
european, 13
none, 13
citizen, 12
neuron, 12
inhibitor, 12
peter, 12
loss, 12
consider, 12
quantiti, 12
heal, 12
price, 12
perfect, 12
almanac, 12
colon, 12
strain, 12
gather, 12
elimin, 12
gateway, 12
film, 12
east, 12
reproduct, 12
gilbert, 12
examin, 12
glu, 12
odd, 12
concentr, 12
swell, 12
thrush, 12
ignor, 12
environ, 12
stool, 12
motiv, 12
director, 12
kid, 12
nye, 12
blind, 12
foundat, 12
snake, 12
harm, 12
diabet, 12
save, 12
mouth, 12
austin, 12
whoever, 12
convent, 12
surviv, 12
detect, 12
nice, 12
perman, 12
respiratori, 12
nih, 12
block, 12
fertil, 12
pass, 12
abil, 12
albican, 12
chew, 12
analges, 12
toxin, 12
rapid, 12
constant, 12
record, 12
mother, 12
featur, 12
ingest, 12
induc, 12
breath, 12
kept, 12
press, 12
lawrenc, 12
eugen, 12
spike, 12
trip, 12
nlp, 12
glass, 12
somehow, 12
death, 11
imposs, 11
choic, 11
suppli, 11
vagina, 11
colleagu, 11
pound, 11
equival, 11
inc, 11
illeg, 11
midelfort, 11
gram, 11
travel, 11
tract, 11
sorri, 11
gift, 11
spent, 11
numer, 11
commerci, 11
diarrhea, 11
frighten, 11
qualifi, 11
intak, 11
wide, 11
bertrand, 11
myself, 11
fix, 11
heat, 11
carolina, 11
biochemistri, 11
routin, 11
born, 11
inflam, 11
option, 11
soon, 11
epilepsi, 11
mass, 11
environment, 11
bloodi, 11
difficult, 11
rib, 11
chris, 11
led, 11
minim, 11
rigor, 11
extract, 11
jump, 11
junk, 11
suppress, 11
burn, 11
art, 11
mds, 11
nurs, 11
tumor, 11
character, 11
written, 11
usenet, 11
upset, 11
basi, 11
breast, 11
shock, 11
remind, 11
depress, 11
earlier, 11
surgeon, 11
administ, 11
rais, 11
compound, 11
januari, 11
enter, 11
prescript, 11
onset, 11
charter, 11
expos, 11
greater, 11
rash, 11
chen, 11
contribut, 11
themselv, 11
attempt, 11
meal, 11
maryland, 11
viral, 11
cone, 11
top, 11
noseble, 11
defect, 11
formal, 11
stimul, 11
characterist, 11
facil, 11
neurolog, 11
fluid, 11
hair, 11
search, 11
charcoal, 11
approv, 11
consumpt, 11
mental, 11
opportun, 11
theoret, 11
incid, 11
los, 11
lipoxygenas, 10
step, 10
across, 10
park, 10
throat, 10
infantil, 10
impact, 10
shot, 10
tinnitus, 10
counti, 10
unabl, 10
attend, 10
metropolitan, 10
fundament, 10
switch, 10
chocol, 10
exposur, 10
inde, 10
judgement, 10
beef, 10
aspartam, 10
portland, 10
numb, 10
motorola, 10
uniqu, 10
june, 10
massag, 10
spectrum, 10
polit, 10
japan, 10
omen, 10
packag, 10
attribut, 10
anesthesiolog, 10
togeth, 10
howev, 10
forum, 10
south, 10
georg, 10
island, 10
cat, 10
target, 10
popular, 10
bbs, 10
locat, 10
transmit, 10
speed, 10
emphas, 10
milk, 10
sporanox, 10
imagin, 10
osteopath, 10
devic, 10
repetit, 10
march, 10
item, 10
embryo, 10
suffici, 10
impress, 10
lip, 10
choos, 10
disprov, 10
board, 10
donald, 10
nobodi, 10
fatti, 10
seat, 10
stress, 10
privat, 10
daughter, 10
chicken, 10
miracl, 10
occasion, 10
novemb, 10
poison, 10
elabor, 10
clean, 10
slmr, 10
professor, 10
afraid, 10
allevi, 10
revers, 10
yogurt, 10
survey, 10
whom, 10
paid, 10
oct, 10
expand, 10
ron, 10
bee, 10
deriv, 10
distinguish, 10
howard, 10
job, 10
joint, 10
surfac, 10
oili, 10
berkeley, 10
doubl, 10
brother, 10
broad, 10
remark, 10
langley, 10
insid, 9
copyright, 9
oppos, 9
status, 9
israel, 9
resembl, 9
broken, 9
ergonom, 9
chicago, 9
denver, 9
felt, 9
len, 9
mri, 9
glucos, 9
cigarett, 9
younger, 9
diego, 9
guy, 9
truth, 9
variat, 9
morbid, 9
manipul, 9
dizzi, 9
tension, 9
despit, 9
foot, 9
girlfriend, 9
piec, 9
late, 9
stretch, 9
portal, 9
request, 9
scan, 9
pediatr, 9
formaldehyd, 9
alabama, 9
account, 9
licens, 9
specul, 9
isol, 9
lie, 9
turpin, 9
freeli, 9
pregnanc, 9
lose, 9
mediocr, 9
sexual, 9
replic, 9
room, 9
rat, 9
extend, 9
brown, 9
daydream, 9
yourself, 9
replac, 9
pet, 9
acidophil, 9
employ, 9
equip, 9
huge, 9
antihistamin, 9
meme, 9
accus, 9
trend, 9
blue, 9
tenni, 9
sell, 9
bought, 9
neurologist, 9
melanoma, 9
consensus, 9
guid, 9
random, 9
thumb, 9
ridicul, 9
throughout, 9
discomfort, 9
rocket, 9
assur, 9
recoveri, 9
smaller, 9
frequenc, 9
workstat, 9
chest, 9
match, 9
agenc, 9
nasti, 9
woke, 9
offici, 9
ann, 9
databas, 9
guarante, 9
paul, 9
thorough, 9
rip, 9
spasm, 9
carlton, 9
plant, 9
lunch, 9
attitud, 9
forward, 9
belief, 9
logic, 9
molecul, 9
einstein, 9
valu, 9
confid, 9
deepli, 9
complain, 9
goal, 9
classic, 9
versus, 9
wild, 9
prozac, 9
hamilton, 9
particul, 9
fanci, 9
onto, 9
steven, 9
race, 9
pull, 9
ground, 9
rind, 9
sauc, 9
mix, 8
shape, 8
vasomotor, 8
plus, 8
altitud, 8
map, 8
beth, 8
decis, 8
dougla, 8
understood, 8
nine, 8
swollen, 8
confus, 8
jason, 8
delay, 8
reserv, 8
analog, 8
criteria, 8
juic, 8
parti, 8
load, 8
separ, 8
reliev, 8
glad, 8
decemb, 8
veget, 8
merril, 8
barbequ, 8
code, 8
campus, 8
photograph, 8
parent, 8
growth, 8
phrase, 8
inhal, 8
class, 8
massiv, 8
chip, 8
div, 8
properti, 8
cellular, 8
advantag, 8
wrote, 8
saturday, 8
technic, 8
serial, 8
congress, 8
band, 8
reveal, 8
gourmet, 8
jkn, 8
religi, 8
alon, 8
oil, 8
advisori, 8
panel, 8
segment, 8
aspect, 8
murray, 8
complaint, 8
cheaper, 8
surgic, 8
middl, 8
preced, 8
yes, 8
fibromyalgia, 8
percentag, 8
club, 8
background, 8
drastic, 8
convert, 8
behind, 8
feet, 8
woman, 8
bizarr, 8
proceed, 8
belt, 8
sodium, 8
bite, 8
psychoact, 8
dozen, 8
ohio, 8
inet, 8
chair, 8
engag, 8
dictionari, 8
itchi, 8
columbia, 8
francisco, 8
doug, 8
accid, 8
nervous, 8
otc, 8
elev, 8
straight, 8
central, 8
specialist, 8
explor, 8
recur, 8
dragon, 8
compat, 8
tough, 8
happi, 8
refus, 8
tablet, 8
zealand, 8
plug, 8
aggress, 8
rid, 8
persist, 8
varieti, 8
gastroenterolog, 8
supplement, 8
visual, 8
benzen, 8
recognit, 8
northern, 8
angri, 8
input, 8
prostat, 8
throw, 8
reader, 8
interview, 8
patti, 8
instruct, 8
assumpt, 8
leung, 8
irrat, 8
sweeten, 8
becam, 8
creation, 8
infertil, 8
stand, 8
plain, 8
rang, 8
stay, 8
frost, 7
epidemiolog, 7
vomit, 7
fever, 7
summar, 7
relax, 7
margin, 7
western, 7
sperm, 7
larger, 7
packet, 7
hus, 7
older, 7
ran, 7
ratio, 7
commit, 7
edward, 7
consequ, 7
pathway, 7
bias, 7
tutori, 7
digit, 7
obstruct, 7
erythromycin, 7
touch, 7
hypoglycemia, 7
distort, 7
intellectu, 7
retriev, 7
assert, 7
correl, 7
knew, 7
meant, 7
paulson, 7
alter, 7
sharon, 7
escherichia, 7
proport, 7
ach, 7
store, 7
firm, 7
balanc, 7
famous, 7
transmiss, 7
acknowledg, 7
secret, 7
truli, 7
vertic, 7
spell, 7
latest, 7
physican, 7
epidem, 7
recipi, 7
attain, 7
undisput, 7
committe, 7
sun, 7
biopsi, 7
telephon, 7
unfortun, 7
reject, 7
ongo, 7
carbohydr, 7
teenag, 7
abnorm, 7
strang, 7
cfs, 7
layout, 7
somewher, 7
registr, 7
curious, 7
stephen, 7
prednison, 7
adapt, 7
distinct, 7
seattl, 7
suit, 7
feed, 7
valuabl, 7
venom, 7
excitotoxin, 7
hepat, 7
ensur, 7
supplier, 7
thread, 7
devot, 7
lesion, 7
residu, 7
twice, 7
albani, 7
killer, 7
holland, 7
annual, 7
categori, 7
inch, 7
nuntius, 7
don, 7
juli, 7
proven, 7
civil, 7
catch, 7
virtual, 7
donor, 7
tuberculosi, 7
cosmet, 7
alcohol, 7
jame, 7
met, 7
bate, 7
tar, 7
phenomena, 7
spect, 7
preliminari, 7
sale, 7
hawaii, 7
hate, 7
electron, 7
intraven, 7
athen, 7
dispos, 7
port, 7
neck, 7
unpleas, 7
contract, 7
wall, 7
fine, 7
episod, 7
patholog, 7
listen, 7
rich, 7
cream, 7
aura, 7
moistur, 7
easier, 7
acupuncturist, 7
med, 7
difficulti, 7
salt, 7
lay, 7
dye, 7
loud, 7
roseread, 7
acidophilus, 7
transgen, 7
phenylalanin, 7
soft, 7
fulli, 7
britain, 7
magic, 7
mari, 7
anaphylact, 7
readili, 7
sea, 7
soda, 7
button, 7
wave, 7
dentist, 7
bare, 7
hazard, 6
secondari, 6
latter, 6
urbana, 6
mountain, 6
abus, 6
infus, 6
societi, 6
absorb, 6
virtu, 6
martin, 6
pennsylvania, 6
greasi, 6
excel, 6
bethesda, 6
enjoy, 6
impair, 6
mous, 6
encount, 6
donkin, 6
bob, 6
violat, 6
iron, 6
coal, 6
bound, 6
jigger, 6
movement, 6
closer, 6
cup, 6
scar, 6
liter, 6
pari, 6
pasteur, 6
readi, 6
speci, 6
intervent, 6
purport, 6
kinesi, 6
warren, 6
spring, 6
chigger, 6
compart, 6
appartus, 6
scheme, 6
berri, 6
swear, 6
repair, 6
chapel, 6
internet, 6
vulner, 6
armi, 6
steak, 6
dhhs, 6
hine, 6
carleton, 6
femal, 6
duncan, 6
fas, 6
exacerb, 6
wisdom, 6
himself, 6
exhibit, 6
luck, 6
river, 6
smoker, 6
implement, 6
threat, 6
nativ, 6
shalala, 6
grey, 6
internship, 6
british, 6
editori, 6
stoni, 6
leap, 6
disagre, 6
postur, 6
earl, 6
rice, 6
brook, 6
distress, 6
paradigm, 6
context, 6
excret, 6
addict, 6
jealousi, 6
dos, 6
compromis, 6
threshold, 6
presenc, 6
fill, 6
configur, 6
philosophi, 6
flat, 6
disappear, 6
exchang, 6
larri, 6
nutritionist, 6
district, 6
yellow, 6
skeptic, 6
display, 6
contrast, 6
wash, 6
lymph, 6
sheet, 6
sex, 6
moral, 6
latent, 6
auth, 6
compuls, 6
obsess, 6
trigger, 6
popul, 6
victim, 6
followup, 6
join, 6
fals, 6
corneal, 6
crash, 6
median, 6
unrealist, 6
upload, 6
nigel, 6
mirror, 6
tilt, 6
carl, 6
osu, 6
pick, 6
diffus, 6
invertebr, 6
flawless, 6
bend, 6
complex, 6
triangl, 6
desir, 6
caffein, 6
mode, 6
ovul, 6
forgot, 6
forget, 6
sector, 6
upper, 6
appoint, 6
seri, 6
clue, 6
submit, 6
welcom, 6
overus, 6
primarili, 6
hardwar, 6
denerv, 6
echo, 6
boy, 6
conclus, 6
season, 6
vessel, 6
soup, 6
server, 6
fashion, 6
nasal, 6
challeng, 6
asian, 6
length, 6
reflect, 6
secretari, 6
date, 6
refut, 6
collabor, 6
bacitracin, 6
hormon, 6
virginia, 6
mening, 6
cheap, 6
fulk, 6
graphic, 6
flush, 6
refract, 6
deni, 6
behaviorist, 6
unproven, 6
worthi, 6
forest, 6
astemizol, 6
algorithm, 6
solv, 6
heav, 6
dog, 6
solut, 6
citat, 6
februari, 6
smell, 6
floor, 6
afflict, 6
caught, 6
slow, 6
potassium, 6
pku, 6
unknown, 6
carpal, 6
subscrib, 6
tunnel, 6
weird, 6
partial, 6
push, 6
contracept, 6
carnegi, 6
controversi, 6
nutrasweet, 6
grain, 6
emot, 6
peripher, 6
bar, 6
instanc, 6
undergo, 6
bat, 6
hunter, 6
crazi, 5
judg, 5
incur, 5
predomin, 5
third, 5
alot, 5
tabl, 5
prolactin, 5
braill, 5
laugh, 5
slaughter, 5
expertis, 5
aspirin, 5
childhood, 5
petti, 5
polici, 5
listserv, 5
contradict, 5
modifi, 5
faint, 5
turmer, 5
intent, 5
dave, 5
track, 5
vitro, 5
gamet, 5
fortun, 5
degrad, 5
rain, 5
threw, 5
god, 5
waco, 5
rutin, 5
handed, 5
puke, 5
extrapol, 5
anderson, 5
cuisin, 5
testifi, 5
sunday, 5
fuzzi, 5
propon, 5
radiat, 5
failur, 5
ordinari, 5
tylenol, 5
cabl, 5
pelvic, 5
invit, 5
urinari, 5
buck, 5
physicist, 5
dehydr, 5
conceiv, 5
clinton, 5
advoc, 5
everybodi, 5
airborn, 5
utah, 5
terribl, 5
simpler, 5
peer, 5
lone, 5
soviet, 5
geometri, 5
extra, 5
editor, 5
eeg, 5
amus, 5
std, 5
fluctuat, 5
kay, 5
magnet, 5
irrit, 5
walter, 5
temporari, 5
england, 5
veterinari, 5
bottom, 5
chuck, 5
trace, 5
dsz, 5
therapist, 5
sauvi, 5
acquir, 5
pregnant, 5
heartbeat, 5
desper, 5
uncomfort, 5
destroy, 5
reduct, 5
worker, 5
dynam, 5
assess, 5
boat, 5
klonopin, 5
farm, 5
elain, 5
alexand, 5
differenti, 5
cooper, 5
strict, 5
oxid, 5
camera, 5
pat, 5
anywher, 5
interact, 5
dermatologist, 5
doyl, 5
anal, 5
ancient, 5
sophist, 5
tingl, 5
promis, 5
pronounc, 5
dinner, 5
reservoir, 5
polytechn, 5
naval, 5
pediatrician, 5
daniel, 5
strategi, 5
advers, 5
steril, 5
semant, 5
morn, 5
kellog, 5
spray, 5
fungal, 5
warm, 5
nevada, 5
seed, 5
marrow, 5
till, 5
deleteri, 5
phenomenon, 5
ice, 5
brought, 5
cheer, 5
barr, 5
interv, 5
penguin, 5
label, 5
eyl, 5
lipoxygnas, 5
suspici, 5
burden, 5
dosag, 5
magnesium, 5
percept, 5
calcium, 5
adjuv, 5
pox, 5
height, 5
mailstop, 5
instrument, 5
hidden, 5
outcom, 5
voic, 5
trench, 5
traffic, 5
ounc, 5
resent, 5
emphysema, 5
transfus, 5
resum, 5
arthriti, 5
screen, 5
fool, 5
aim, 5
spenser, 5
joseph, 5
nanci, 5
drag, 5
mellon, 5
prize, 5
mandatori, 5
milwauke, 5
graduat, 5
nut, 5
pollut, 5
anectdot, 5
treatabl, 5
inquir, 5
presid, 5
exclus, 5
threaten, 5
council, 5
session, 5
anthoni, 5
olson, 5
sweet, 5
defens, 5
independ, 5
greatest, 5
hamper, 5
summer, 5
branch, 5
neurotransmitt, 5
global, 5
mess, 5
thrown, 5
microbiolog, 5
highway, 5
imitrex, 5
ahead, 5
defend, 5
mike, 5
breakfast, 5
infotrac, 5
alu, 5
crucial, 5
eight, 5
tini, 5
berkley, 5
regist, 5
econom, 5
maltron, 5
jim, 5
unreason, 5
automat, 5
regul, 5
crew, 5
condemn, 5
road, 5
fli, 5
pool, 5
vancouv, 5
xenix, 5
proof, 5
pump, 5
pharmacist, 5
grand, 5
fuel, 5
discharg, 5
rock, 5
foreskin, 5
pps, 5
heavili, 5
flora, 5
reli, 5
crack, 5
metal, 5
staff, 5
bowl, 5
hotel, 5
stage, 5
receptor, 5
hous, 5
conscious, 5
plate, 5
calif, 5
oam, 5
declin, 5
variabl, 5
pack, 5
rhiniti, 5
cold, 5
physiolog, 5
output, 5
sore, 5
host, 5
beer, 5
herb, 5
everywher, 5
undoubt, 5
enforc, 5
flow, 5
deliv, 5
team, 5
dietician, 4
overwork, 4
robin, 4
knock, 4
apolog, 4
incorpor, 4
electromagnet, 4
adept, 4
sassafra, 4
crystal, 4
alan, 4
credul, 4
plaqu, 4
novelti, 4
debat, 4
occurr, 4
insult, 4
iowa, 4
toni, 4
boulevard, 4
immunodefici, 4
outlin, 4
stat, 4
myopia, 4
ramada, 4
green, 4
harold, 4
basebal, 4
coca, 4
cytoskeleton, 4
elicit, 4
insulin, 4
automobil, 4
sedat, 4
milligram, 4
arythmia, 4
disclaim, 4
attract, 4
thin, 4
cornea, 4
array, 4
sulfur, 4
uncontrol, 4
pepper, 4
blame, 4
blink, 4
instructor, 4
ncr, 4
quarantin, 4
refere, 4
transposon, 4
cope, 4
socioeconom, 4
eukaryot, 4
discount, 4
gel, 4
jelinek, 4
wednesday, 4
yield, 4
itch, 4
pop, 4
fingernail, 4
creativ, 4
lehigh, 4
marc, 4
jack, 4
mammalian, 4
town, 4
premieri, 4
flurri, 4
amidst, 4
fudg, 4
fold, 4
purchas, 4
superior, 4
cognit, 4
bloodcount, 4
calendar, 4
grad, 4
trauma, 4
brener, 4
hep, 4
cirrhosi, 4
wesleyan, 4
concoct, 4
mission, 4
datahand, 4
jstmp, 4
morphin, 4
tune, 4
coliti, 4
fellowship, 4
louisiana, 4
tuition, 4
morbus, 4
credit, 4
card, 4
menier, 4
biggest, 4
protrud, 4
parallel, 4
escap, 4
nonprofit, 4
father, 4
disabl, 4
illustr, 4
interfer, 4
pointer, 4
michigan, 4
intact, 4
cloth, 4
quot, 4
malari, 4
moder, 4
divert, 4
dis, 4
introduc, 4
soak, 4
hint, 4
nail, 4
biotechnolog, 4
compens, 4
asp, 4
career, 4
sold, 4
hdl, 4
govern, 4
keypad, 4
irregular, 4
anon, 4
astronomi, 4
vaxen, 4
lydick, 4
eumem, 4
hst, 4
fallopian, 4
interpret, 4
charl, 4
pose, 4
realiti, 4
referr, 4
clock, 4
whip, 4
backward, 4
tech, 4
nonpathogen, 4
transform, 4
sweden, 4
cystic, 4
schedul, 4
consortium, 4
receptionist, 4
batch, 4
hoc, 4
intrus, 4
centrifug, 4
predispos, 4
alarm, 4
honor, 4
estrogen, 4
realist, 4
august, 4
emg, 4
bypass, 4
manual, 4
brian, 4
wolf, 4
dumbel, 4
occult, 4
stung, 4
innocul, 4
roth, 4
accuraci, 4
partner, 4
fake, 4
fourth, 4
demand, 4
discourag, 4
deserv, 4
earth, 4
event, 4
fascin, 4
unusu, 4
profil, 4
hay, 4
vendor, 4
gyro, 4
kathryn, 4
silicon, 4
volvulus, 4
tidbit, 4
adorn, 4
verifi, 4
teach, 4
nausea, 4
profess, 4
opposit, 4
lava, 4
affair, 4
harder, 4
histor, 4
star, 4
chiropractor, 4
eager, 4
lucki, 4
motion, 4
spinal, 4
mikey, 4
accompani, 4
ulcer, 4
ton, 4
manifest, 4
pursu, 4
intoler, 4
lactos, 4
sweat, 4
flexpro, 4
tronic, 4
calori, 4
purdu, 4
hungri, 4
premium, 4
advocaci, 4
palo, 4
memori, 4
hyperact, 4
scallop, 4
idaho, 4
personali, 4
funni, 4
strip, 4
sasquatch, 4
entiti, 4
eastman, 4
kodak, 4
cyanamid, 4
fee, 4
usag, 4
plasma, 4
whenev, 4
postdiarrh, 4
puzzl, 4
rhesus, 4
cts, 4
broccoli, 4
steer, 4
wont, 4
diann, 4
vermont, 4
synthet, 4
sweeter, 4
suffic, 4
degred, 4
husband, 4
phlegmat, 4
grown, 4
shed, 4
endem, 4
fear, 4
peculiar, 4
fiction, 4
robot, 4
albuquerqu, 4
neurosurgeon, 4
bed, 4
eater, 4
gavin, 4
wordscan, 4
disciplin, 4
keith, 4
compress, 4
speaker, 4
besid, 4
weekend, 4
renam, 4
spite, 4
score, 4
autom, 4
presum, 4
perceiv, 4
accutan, 4
herp, 4
capsul, 4
overbloom, 4
vnew, 4
extern, 4
hello, 4
silverberg, 4
wake, 4
reson, 4
kekul, 4
gradual, 4
bruis, 4
sight, 4
thoma, 4
neutral, 4
tape, 4
volunt, 4
bout, 4
oblig, 4
diamet, 4
telesci, 4
candid, 4
eas, 4
congenit, 4
bet, 4
dissolv, 4
pinch, 4
kopp, 4
tender, 4
vinegar, 4
fiber, 4
shi, 4
creek, 4
catalog, 4
self, 4
element, 4
miner, 4
critiqu, 4
principl, 4
shall, 4
sys, 4
statement, 4
psychiatr, 4
inabl, 4
rotat, 4
infrastructur, 4
nitrosiamin, 4
outlaw, 4
lean, 4
battl, 4
approxim, 4
lundbi, 4
misjudg, 4
breakthrough, 4
extent, 4
almond, 4
melanchol, 4
quiver, 4
microgenesi, 4
everytim, 4
grape, 4
thigh, 4
phobia, 4
lynn, 4
rough, 4
hypha, 4
excus, 4
methink, 4
dissert, 4
precis, 4
stovetop, 4
tray, 4
aluminum, 4
comparison, 4
su, 4
reform, 4
hire, 4
caramel, 4
chairman, 4
tangi, 4
azmacort, 4
slowli, 4
orthoped, 4
prostanoid, 4
breech, 4
cake, 4
paxil, 4
broke, 4
bulletin, 4
budget, 4
malaria, 4
cilia, 4
delusion, 4
fetal, 4
bug, 4
ferment, 4
mixtur, 4
acquaint, 4
boundari, 4
smith, 4
invas, 4
immunolog, 4
octob, 4
starzl, 4
accupunctur, 4
helium, 4
aw, 4
recov, 4
cfv, 4
pertain, 4
arteri, 4
infam, 4
constru, 4
deliveri, 4
dalacin, 4
resolut, 4
penetr, 4
clearasil, 4
hitachi, 4
deterior, 4
amelior, 4
misus, 4
accredit, 4
europ, 4
fourteen, 4
itraconazol, 4
hampton, 4
amphotericin, 4
narrow, 4
suni, 4
feder, 4
polish, 4
movi, 4
dead, 4
worldwid, 4
visibl, 4
portion, 4
accomplish, 4
fatigu, 4
hopkin, 4
translat, 4
strike, 4
misdiagnos, 4
tuft, 4
switzerland, 4
florida, 3
sting, 3
decongest, 3
appetit, 3
enlarg, 3
dramat, 3
shorten, 3
symptomat, 3
dispens, 3
daugter, 3
microbi, 3
loop, 3
chemistri, 3
solicit, 3
elizabeth, 3
dental, 3
scratch, 3
introduct, 3
actrix, 3
haldol, 3
lactobacillus, 3
sum, 3
azt, 3
recruit, 3
forestri, 3
fight, 3
racem, 3
chin, 3
photon, 3
therapeut, 3
strength, 3
crank, 3
adher, 3
setel, 3
ovarian, 3
austria, 3
optic, 3
notebook, 3
buri, 3
reinnerv, 3
baylor, 3
averi, 3
bell, 3
fred, 3
vehement, 3
anyway, 3
grew, 3
disast, 3
immotil, 3
sri, 3
implementaion, 3
joel, 3
offend, 3
waffl, 3
rise, 3
supervis, 3
filter, 3
serolog, 3
matern, 3
bozeman, 3
inquiri, 3
brief, 3
unscrupul, 3
edwin, 3
filtrat, 3
effici, 3
util, 3
lake, 3
lancet, 3
eb, 3
layer, 3
nhs, 3
paranorm, 3
honolulu, 3
mph, 3
nobel, 3
cabin, 3
flash, 3
concord, 3
annal, 3
prioriti, 3
fault, 3
puls, 3
gellert, 3
domest, 3
complic, 3
schwartz, 3
isbn, 3
confess, 3
withhold, 3
sewer, 3
backrest, 3
glycin, 3
burzynski, 3
systemat, 3
wari, 3
unorthodox, 3
slope, 3
couch, 3
hollow, 3
jacob, 3
amherst, 3
worcest, 3
nuclear, 3
hampshir, 3
absenc, 3
calm, 3
autosom, 3
oringin, 3
overdos, 3
miranda, 3
ocd, 3
cardiologist, 3
dull, 3
graze, 3
cloud, 3
wilk, 3
evolut, 3
stick, 3
hole, 3
ignit, 3
thirst, 3
neighbor, 3
butt, 3
grill, 3
tens, 3
aberdeen, 3
orient, 3
capillari, 3
kirchoef, 3
telecom, 3
mistaken, 3
anti, 3
antibacteri, 3
duck, 3
donna, 3
erl, 3
notifi, 3
node, 3
internist, 3
assembl, 3
tendenc, 3
alien, 3
overcom, 3
chlorid, 3
arnold, 3
folx, 3
cumul, 3
synonym, 3
entail, 3
mainstream, 3
ivker, 3
aromat, 3
cern, 3
graham, 3
swallow, 3
archimed, 3
drip, 3
buoyanc, 3
orr, 3
medit, 3
actg, 3
intuit, 3
pardon, 3
gland, 3
mystic, 3
menang, 3
ralph, 3
preserv, 3
smack, 3
unus, 3
swab, 3
tempera, 3
picki, 3
gallon, 3
prompt, 3
henc, 3
antisept, 3
rolf, 3
tarl, 3
neustaedt, 3
huxley, 3
largest, 3
psycholg, 3
curcio, 3
vehicl, 3
marti, 3
upjohn, 3
scab, 3
genentech, 3
nationwid, 3
cafergot, 3
ulterior, 3
leukotrien, 3
ivf, 3
wateri, 3
diuret, 3
respir, 3
sorehand, 3
needless, 3
tablespoon, 3
pdr, 3
mushroom, 3
empti, 3
advis, 3
sensor, 3
sherri, 3
nebulis, 3
recip, 3
byproduct, 3
herman, 3
queri, 3
citrus, 3
prone, 3
anger, 3
univ, 3
contribt, 3
reproduc, 3
conflat, 3
dishonest, 3
curios, 3
forev, 3
bridl, 3
frenzi, 3
neiseria, 3
meningococcus, 3
ama, 3
conced, 3
tip, 3
ekg, 3
tap, 3
cider, 3
panic, 3
everyday, 3
thru, 3
weed, 3
ought, 3
nidr, 3
ass, 3
semen, 3
inconveni, 3
deliber, 3
pierc, 3
miami, 3
perfection, 3
dunk, 3
core, 3
ball, 3
nsaid, 3
gregori, 3
certainti, 3
accumul, 3
faulti, 3
scope, 3
centuri, 3
mathematician, 3
newton, 3
concept, 3
psychologist, 3
santa, 3
situ, 3
accur, 3
psoriat, 3
sustain, 3
dvorak, 3
enabl, 3
outer, 3
stabil, 3
membership, 3
plenti, 3
grate, 3
lighter, 3
naprosyn, 3
philip, 3
monosodium, 3
tight, 3
land, 3
hotlin, 3
enoughf, 3
aggrav, 3
morri, 3
bht, 3
timer, 3
rake, 3
dilut, 3
chunk, 3
molnar, 3
dale, 3
mobil, 3
william, 3
vagu, 3
traction, 3
stupid, 3
gonna, 3
web, 3
entertain, 3
adipos, 3
sister, 3
jennif, 3
nowher, 3
piss, 3
coloni, 3
stitch, 3
uci, 3
pleasur, 3
repositori, 3
chelat, 3
analys, 3
shell, 3
charact, 3
bett, 3
mutual, 3
claussen, 3
symptomatolog, 3
typewatch, 3
teperman, 3
lewi, 3
bitnet, 3
guest, 3
uniondal, 3
interfac, 3
insemin, 3
resort, 3
myth, 3
cruller, 3
inspir, 3
fewer, 3
satisfi, 3
ldl, 3
weather, 3
miser, 3
pimpl, 3
coordin, 3
unopen, 3
immunosuppress, 3
lens, 3
soften, 3
insight, 3
depth, 3
ide, 3
stabl, 3
neurasthen, 3
foul, 3
comatos, 3
superfici, 3
mal, 3
laparoscop, 3
whitehead, 3
tempt, 3
gynecolog, 3
twenti, 3
incred, 3
resolv, 3
abdomin, 3
cliff, 3
rrp, 3
ultim, 3
stare, 3
newli, 3
undergon, 3
disproportion, 3
explicit, 3
synthesi, 3
dubin, 3
alamo, 3
craft, 3
cryopreserv, 3
multist, 3
russian, 3
disc, 3
bake, 3
specialti, 3
noordewi, 3
papillomatosi, 3
draper, 3
mood, 3
hemolyt, 3
pitt, 3
tricki, 3
shavlik, 3
constraint, 3
enlighten, 3
shorter, 3
hypoglycem, 3
pancreat, 3
serum, 3
neglig, 3
dod, 3
excitotox, 3
bean, 3
neural, 3
bright, 3
pubic, 3
jess, 3
endless, 3
urin, 3
rickettsi, 3
fatal, 3
electrophoresi, 3
tangibl, 3
bind, 3
sacrum, 3
necess, 3
specimen, 3
friday, 3
continent, 3
smac, 3
pharmaceut, 3
obgyn, 3
retin, 3
nicotin, 3
fleme, 3
immunex, 3
repel, 3
rider, 3
runni, 3
sole, 3
preclud, 3
guidelin, 3
inspect, 3
temperatur, 3
bike, 3
pilot, 3
scott, 3
hemorrhag, 3
dark, 3
renal, 3
inner, 3
recept, 3
classif, 3
psychic, 3
favorit, 3
septra, 3
agent, 3
hill, 3
harvey, 3
leaf, 3
stiff, 3
allison, 3
fri, 3
kathleen, 3
convict, 3
carrol, 3
ban, 3
aberr, 3
massachusett, 3
keysystem, 3
mysteri, 3
lilli, 3
southern, 3
orthopedist, 3
vax, 3
hell, 3
adren, 3
gif, 3
inhibit, 3
amaz, 3
demo, 3
deli, 3
overview, 3
identif, 3
finland, 3
jaw, 3
flu, 3
johnson, 3
profound, 3
blindsight, 3
contrari, 3
hispan, 3
iocomm, 3
chromium, 3
spoof, 3
spencer, 3
quibbl, 3
french, 3
dot, 3
gte, 3
supris, 3
bottl, 3
gang, 3
variant, 3
twiddler, 3
shingl, 3
implicit, 3
development, 3
compris, 3
rsd, 3
ubiquit, 3
hook, 3
cdh, 3
camp, 3
disput, 3
euclid, 3
corona, 3
beet, 3
clark, 3
prenat, 3
propag, 3
mason, 3
discrimin, 3
ship, 3
bbc, 3
decad, 3
reus, 3
stratus, 3
fmgs, 3
glen, 3
nelson, 3
spina, 3
gas, 3
dear, 3
setup, 3
jet, 3
barri, 3
award, 3
laid, 3
syphili, 3
mad, 3
desktop, 3
twitch, 3
covington, 3
telescop, 3
calcul, 3
chiropract, 3
vaselin, 3
chevron, 3
upgrad, 3
jeffrey, 3
groin, 3
hip, 3
recognis, 3
sympton, 3
newer, 3
antidepress, 3
advertis, 3
afford, 3
nest, 3
rhode, 3
adolesc, 3
albert, 3
pedi, 3
tinea, 3
benign, 3
regardless, 3
coffe, 3
chord, 3
autopsi, 3
rude, 3
tremor, 3
gonadotropin, 3
roll, 3
novel, 3
nci, 3
front, 3
capac, 3
biomed, 3
kaplan, 3
spoon, 3
style, 3
frog, 3
spontan, 3
rampant, 3
destruct, 3
cotton, 3
misrepres, 3
dragonwrit, 3
aliv, 3
caller, 3
likelihood, 3
reseach, 3
disassembl, 3
eposid, 3
isotop, 3
vigor, 3
whyle, 3
freenet, 3
shop, 3
angel, 3
dartmouth, 2
cyclic, 2
lobe, 2
bald, 2
baboon, 2
wagenaar, 2
accident, 2
nucleus, 2
arcuat, 2
clone, 2
margoli, 2
keytron, 2
abreast, 2
norri, 2
print, 2
qwerti, 2
holloway, 2
arrang, 2
misunderstand, 2
prev, 2
imperfect, 2
shah, 2
starvat, 2
disavow, 2
vacat, 2
adress, 2
cleanser, 2
delet, 2
nearbi, 2
portray, 2
overlap, 2
restrain, 2
brink, 2
protocol, 2
deaf, 2
jeremi, 2
salesman, 2
vertigin, 2
rifkin, 2
fertilz, 2
tomato, 2
encompass, 2
memet, 2
subacut, 2
typhoid, 2
newtonian, 2
shuttl, 2
processor, 2
renaiss, 2
tedious, 2
provis, 2
spec, 2
neuroendocrin, 2
shade, 2
rhythm, 2
healthcar, 2
ent, 2
commiss, 2
microsoft, 2
articul, 2
parkinson, 2
storag, 2
dump, 2
genom, 2
ward, 2
degener, 2
perturb, 2
redistribut, 2
hmo, 2
hypertens, 2
unfulfil, 2
bilater, 2
driver, 2
rep, 2
door, 2
sequela, 2
dermatolog, 2
ostens, 2
premenstru, 2
nostrum, 2
nonintrus, 2
bleed, 2
buckl, 2
sgi, 2
vms, 2
lasser, 2
surgen, 2
youngest, 2
ave, 2
newspap, 2
invers, 2
multidisciplinari, 2
granul, 2
gynecologist, 2
lesson, 2
centimet, 2
closest, 2
jude, 2
sparc, 2
bop, 2
neosporin, 2
tennesse, 2
sauerkraut, 2
specula, 2
miraculin, 2
modal, 2
ozon, 2
geograph, 2
africa, 2
clearinghous, 2
speculum, 2
harsh, 2
tackl, 2
boulder, 2
militari, 2
gabriel, 2
connecticut, 2
eyedrop, 2
las, 2
arriv, 2
lymenet, 2
bounc, 2
caffin, 2
leader, 2
outreach, 2
thursday, 2
alleg, 2
permit, 2
eyelid, 2
lund, 2
acyclovir, 2
adhes, 2
pedal, 2
trait, 2
aunt, 2
notif, 2
marker, 2
frank, 2
wherea, 2
lupron, 2
watson, 2
codein, 2
contemporari, 2
saniti, 2
audienc, 2
rein, 2
millimet, 2
propuls, 2
microgram, 2
bandwidth, 2
regulatori, 2
channel, 2
remap, 2
stamp, 2
fixat, 2
surrey, 2
foolish, 2
stds, 2
worst, 2
notori, 2
steadi, 2
trisomi, 2
discoverd, 2
abandon, 2
grave, 2
string, 2
mono, 2
impur, 2
purifi, 2
soya, 2
rent, 2
disturb, 2
held, 2
drank, 2
trust, 2
handicap, 2
lethargi, 2
alloc, 2
ascrib, 2
neurofibromatosi, 2
static, 2
remiss, 2
silver, 2
heterogen, 2
campbel, 2
vascular, 2
classifi, 2
facet, 2
aspart, 2
unchang, 2
disappoint, 2
lou, 2
drown, 2
acquisit, 2
excitatori, 2
oncologist, 2
justif, 2
smart, 2
dare, 2
dmhc, 2
reflex, 2
america, 2
theraput, 2
youth, 2
mortal, 2
sympathet, 2
oregon, 2
sensori, 2
veggi, 2
allen, 2
grade, 2
duplic, 2
sharen, 2
nag, 2
punch, 2
kirillian, 2
medlin, 2
loui, 2
adopt, 2
contin, 2
taper, 2
coil, 2
thompson, 2
court, 2
census, 2
dacumo, 2
noah, 2
klier, 2
beg, 2
uni, 2
toricelli, 2
diagonist, 2
sake, 2
dome, 2
puy, 2
specifi, 2
spectrometri, 2
jail, 2
tailor, 2
unfamiliar, 2
ugli, 2
kitchen, 2
incompet, 2
instal, 2
cyclam, 2
safrol, 2
coars, 2
evad, 2
cessat, 2
stanford, 2
exempt, 2
appeas, 2
tongu, 2
naproxen, 2
excis, 2
ruth, 2
ginzberg, 2
concurr, 2
chemist, 2
union, 2
nois, 2
reput, 2
ext, 2
propranolol, 2
tripl, 2
recreat, 2
infogrip, 2
workabl, 2
unregul, 2
tonsil, 2
horrend, 2
dirti, 2
taux, 2
macintosh, 2
griffin, 2
conductor, 2
drawer, 2
cart, 2
confront, 2
kix, 2
temp, 2
whilst, 2
andrew, 2
cortic, 2
spit, 2
atcc, 2
chat, 2
tsh, 2
conf, 2
riley, 2
adriana, 2
yrs, 2
eli, 2
inventor, 2
notabl, 2
mandi, 2
microwrit, 2
healer, 2
bulg, 2
incom, 2
agenda, 2
flesh, 2
split, 2
preclin, 2
rural, 2
exploit, 2
excit, 2
kingdom, 2
tempor, 2
optim, 2
wsu, 2
taylor, 2
morgan, 2
phantom, 2
lister, 2
player, 2
veterinarian, 2
leagu, 2
execut, 2
betti, 2
rousseau, 2
phil, 2
interim, 2
pathologist, 2
sorenson, 2
leonard, 2
jacobson, 2
lame, 2
urban, 2
undercook, 2
jeff, 2
reed, 2
rubin, 2
lectur, 2
jeffpark, 2
noodl, 2
monetari, 2
yell, 2
southwest, 2
emit, 2
curvatur, 2
settl, 2
lockhe, 2
maximum, 2
liber, 2
weigh, 2
undu, 2
televis, 2
kaminski, 2
attende, 2
ismb, 2
ventur, 2
carderock, 2
radic, 2
jane, 2
pyramid, 2
chose, 2
jersey, 2
insect, 2
medium, 2
injur, 2
lumbar, 2
companion, 2
stringent, 2
transcriptas, 2
induct, 2
chosen, 2
diarrheal, 2
duti, 2
concis, 2
inn, 2
subsid, 2
slab, 2
opps, 2
sacral, 2
tire, 2
moonlit, 2
mcdonnel, 2
silverman, 2
biostatist, 2
markov, 2
crush, 2
sanford, 2
represent, 2
binney, 2
suck, 2
lunula, 2
vertebra, 2
antioxid, 2
signal, 2
burk, 2
distanc, 2
contempl, 2
peel, 2
potato, 2
steel, 2
anello, 2
mig, 2
bulk, 2
convers, 2
unwant, 2
trna, 2
iud, 2
brutlag, 2
morowitz, 2
pituitari, 2
mavrovounioti, 2
restict, 2
trap, 2
undergrad, 2
implant, 2
bud, 2
quadrangl, 2
forb, 2
gsia, 2
uterus, 2
susi, 2
endors, 2
stipend, 2
mcwiggin, 2
myer, 2
colloquium, 2
seminar, 2
tragic, 2
enphasi, 2
expedit, 2
debunk, 2
fulfil, 2
sprout, 2
oakland, 2
subcutan, 2
mit, 2
facilit, 2
salari, 2
sallantin, 2
commenc, 2
karp, 2
communitit, 2
neuroscientist, 2
pittsbugh, 2
aden, 2
urem, 2
sir, 2
obe, 2
intermedi, 2
elementari, 2
beast, 2
gautier, 2
northwest, 2
intrafallopian, 2
simultan, 2
millarrrrrrrrrr, 2
puf, 2
hartung, 2
beep, 2
punctur, 2
rennig, 2
teeth, 2
cohen, 2
mick, 2
competit, 2
princeton, 2
cluster, 2
lathrop, 2
arri, 2
laped, 2
alex, 2
payment, 2
foodborn, 2
oak, 2
communivers, 2
migran, 2
kathi, 2
marlen, 2
interrel, 2
taught, 2
searl, 2
shmuel, 2
pietrokovski, 2
plethora, 2
lindsay, 2
passag, 2
comsumpt, 2
distant, 2
enthusiast, 2
linguist, 2
syntact, 2
batteri, 2
lap, 2
prospect, 2
worship, 2
keystrok, 2
intel, 2
crystallin, 2
seper, 2
bursiti, 2
macdonald, 2
capit, 2
physiotherapist, 2
hesit, 2
chb, 2
hypertext, 2
jerusalem, 2
hebrew, 2
glossari, 2
singapor, 2
commerc, 2
efficaci, 2
obscur, 2
orthpod, 2
feasibl, 2
neurasthenia, 2
limp, 2
ontario, 2
acad, 2
bournemouth, 2
sci, 2
ballard, 2
sarcast, 2
gracious, 2
overstep, 2
deeper, 2
bradley, 2
deseas, 2
albeit, 2
antifung, 2
infami, 2
sarchoidosi, 2
overweight, 2
eastern, 2
bloodstream, 2
breakdown, 2
billion, 2
elsewher, 2
interrupt, 2
lowli, 2
infospunj, 2
bomb, 2
fog, 2
worn, 2
predisposit, 2
simmilar, 2
proceedur, 2
secur, 2
decomposit, 2
thirti, 2
coincident, 2
obispo, 2
lui, 2
flick, 2
scalp, 2
usabl, 2
dialog, 2
magazin, 2
andromeda, 2
dissemin, 2
crullerian, 2
disk, 2
glanc, 2
lifetim, 2
donut, 2
indiscrimin, 2
brenner, 2
rathmann, 2
australian, 2
pace, 2
iter, 2
janic, 2
flake, 2
liscenc, 2
tion, 2
cent, 2
matthew, 2
compuserv, 2
reprehens, 2
thier, 2
tubal, 2
endocrinolog, 2
keeler, 2
packard, 2
hewlett, 2
australia, 2
reinnocul, 2
unrel, 2
vito, 2
concert, 2
suglia, 2
script, 2
takeoff, 2
shoot, 2
zinc, 2
zephyr, 2
athena, 2
photo, 2
snow, 2
paperwork, 2
tim, 2
merri, 2
someplac, 2
ludwig, 2
queue, 2
upcom, 2
brave, 2
scrotum, 2
understoood, 2
cash, 2
zerfal, 2
paranoid, 2
elect, 2
basket, 2
nomin, 2
bore, 2
youd, 2
cant, 2
spin, 2
remembr, 2
slate, 2
republish, 2
twiddl, 2
gotta, 2
ride, 2
somat, 2
treffeisen, 2
pulsat, 2
grief, 2
thrill, 2
homer, 2
reluct, 2
ist, 2
welt, 2
weaker, 2
doh, 2
neal, 2
amplif, 2
vapor, 2
convex, 2
influenc, 2
wee, 2
richardson, 2
computrac, 2
vox, 2
mgh, 2
milshteyn, 2
pancrea, 2
goo, 2
jerri, 2
hrsa, 2
broach, 2
heali, 2
warrant, 2
approrpri, 2
ski, 2
patricia, 2
gabe, 2
transient, 2
pantyhos, 2
horribl, 2
rectum, 2
effctiv, 2
laetril, 2
bruce, 2
fluoresc, 2
cholesterol, 2
stomachach, 2
undi, 2
vera, 2
worthwhil, 2
throiugh, 2
shake, 2
alkalin, 2
occas, 2
strep, 2
douch, 2
pneumonia, 2
gynocologist, 2
dig, 2
alo, 2
squat, 2
twist, 2
psychiatri, 2
ovari, 2
academi, 2
segement, 2
bureau, 2
psoriasi, 2
rodal, 2
supervisor, 2
ibism, 2
citibank, 2
mile, 2
apt, 2
nicoderm, 2
verbabl, 2
newsnet, 2
relaps, 2
slug, 2
depriv, 2
helpless, 2
timid, 2
stargardt, 2
hysterectomi, 2
winter, 2
kansa, 2
worthless, 2
graviti, 2
softbal, 2
burrough, 2
eliot, 2
moor, 2
sponsorship, 2
eric, 2
carvel, 2
counter, 2
quackeri, 2
resect, 2
caveat, 2
mathemat, 2
husk, 2
auction, 2
calculus, 2
leibniz, 2
disrupt, 2
mitig, 2
litter, 2
knot, 2
popcorn, 2
circumv, 2
catherin, 2
obstetr, 2
arthur, 2
paralyz, 2
perfectionist, 2
papilloma, 2
inimic, 2
nicol, 2
wheat, 2
bread, 2
exot, 2
lettuc, 2
isaac, 2
kohan, 2
sesam, 2
daylight, 2
steam, 2
mileag, 2
garden, 2
gray, 2
sapien, 2
worm, 2
cocain, 2
obey, 2
drain, 2
wellington, 2
rear, 2
kaiser, 2
screw, 2
miller, 2
mexico, 2
elast, 2
moment, 2
teaspoon, 2
distil, 2
rush, 2
suscept, 2
ccfa, 2
flog, 2
rant, 2
thrombos, 2
alexi, 2
hospitalis, 2
contagi, 2
gloom, 2
boot, 2
sweep, 2
ponder, 2
macweek, 2
perri, 2
surrog, 2
messi, 2
metabolit, 2
aaron, 2
sandia, 2
coher, 2
rob, 2
prudent, 2
sought, 2
verif, 2
peak, 2
mauric, 2
whatsoev, 2
heteropath, 2
pebbl, 2
dumber, 2
histolog, 2
insinu, 2
sadist, 2
tester, 2
paradis, 2
undertak, 2
est, 2
bathroom, 2
sat, 2
prophylaxi, 2
dick, 2
chins, 2
swanki, 2
malaysian, 2
droplet, 2
beta, 2
elig, 2
lemon, 2
muir, 2
polyp, 2
ovulatori, 2
undetect, 2
pollen, 2
myriad, 2
station, 2
christoph, 2
vagus, 2
jama, 2
assign, 2
substitut, 2
bibliographi, 2
deem, 2
tertiari, 2
methyl, 2
chiron, 2
puppi, 2
alum, 2
ethanol, 2
dalla, 2
reactiv, 2
nlper, 2
robinson, 2
intra, 2
categor, 2
noxious, 2
scare, 2
sublingu, 2
traumat, 2
profit, 2
stuart, 2
faster, 2
duke, 2
choler, 2
hisman, 2
strive, 2
girl, 2
neisseria, 2
balconi, 2
freedom, 2
prune, 2
hemophilus, 2
compel, 2
pneumococc, 2
disorgan, 2
samuel, 2
totallli, 2
path, 2
inclin, 2
satisfactori, 2
dhe, 2
viewpoint, 2
mucos, 2
struck, 2
reward, 2
unscientif, 2
niacin, 2
schemat, 2
velikovski, 2
yozzo, 2
achiev, 2
wacko, 2
rast, 2
remaind, 2
labour, 2
complianc, 2
specifici, 2
dilat, 2
cardiac, 2
wherebi, 2
challang, 2
boost, 2
plausibl, 2
nizor, 2
diab, 2
stipul, 2
enrol, 2
liquifi, 2
phase, 2
catalyz, 2
wright, 2
kerr, 2
twentieth, 2
filip, 2
genuin, 2
santo, 2
fido, 2
suitabl, 2
surround, 2
pot, 2
sceptic, 2
shampoo, 2
paragraph, 2
ash, 2
crumpl, 2
nutrient, 2
revis, 2
foil, 2
dandruff, 2
petroleum, 2
bile, 2
chees, 2
limb, 2
derang, 2
lbs, 2
wise, 2
benowitz, 2
tragedi, 2
lid, 2
carmel, 2
distal, 2
palm, 2
spirit, 2
discard, 2
grip, 2
bergamot, 2
ulnar, 2
ken, 2
radial, 2
ceftin, 2
hhs, 2
liquid, 2
angl, 2
cradl, 2
sensat, 2
peridot, 2
konsult, 2
english, 2
ecol, 2
xray, 2
hairlin, 2
neglect, 2
ob, 2
smoki, 2
polytechniqu, 2
legitim, 2
federal, 2
tad, 2
centralia, 2
combust, 2
twin, 2
soot, 2
exert, 2
ununsu, 2
prawn, 2
marquett, 2
ste, 2
sault, 2
greenvill, 2
chirurgi, 2
indirect, 2
straw, 2
anesthesia, 2
rectangular, 2
pork, 2
waynesboro, 2
sausag, 2
tamaqua, 2
altoona, 2
inher, 2
inland, 2
tenosynov, 2
scali, 2
imaginari, 2
ethylen, 2
dibromid, 2
cloak, 2
fumig, 2
broil, 2
hazleton, 2
harrisburg, 2
oo, 2
certifi, 2
physiotherapi, 2
sticki, 2
microwav, 2
lock, 2
orwel, 2
anxieti, 2
johnstown, 2
bethlehem, 2
schwimmer, 2
nts, 2
beacon, 2
gear, 2
antineoplaston, 2
consolid, 2
wierd, 2
nfs, 2
todd, 2
henrietta, 2
stark, 2
yorktown, 2
rutland, 2
okay, 2
salem, 2
keen, 2
skill, 2
lift, 2
rockland, 2
brockton, 2
hingham, 2
newburyport, 2
southbridg, 2
westboro, 2
oneself, 2
gardner, 2
elbow, 2
inbr, 2
adam, 2
northampton, 2
fitchburg, 2
attleboro, 2
swing, 2
speech, 2
dist, 2
hadley, 2
verbal, 2
spici, 2
roxon, 2
slouch, 2
siezur, 2
spine, 2
hostil, 2
alittl, 2
clot, 2
amend, 2
desk, 2
shrink, 2
pyridoxin, 2
diverg, 2
hereditari, 2
vocal, 2
peptid, 2
pad, 2
deviat, 2
transaminas, 2
senstit, 2
grandfath, 2
catabol, 2
escal, 2
stanislaw, 2
hors, 2
nordenberg, 2
merit, 2
cranial, 2
dimens, 2
cucumb, 2
antibodi, 2
bridgeport, 2
potent, 2
silli, 2
herbalist, 2
emiss, 2
codifi, 2
livermor, 2
defici, 2
proventil, 2
henri, 2
rhine, 2
briton, 2
reprint, 2
precipit, 2
disloc, 2
retard, 2
neurotic, 2
arrhythmia, 2
barkdol, 2
atmospher, 2
situs, 2
denot, 2
ailment, 2
unambigu, 2
uncondit, 2
atrophi, 2
unmoder, 2
cookbook, 2
regain, 2
bump, 2
inadequ, 2
signatur, 2
unaccept, 2
ibd, 2
bowel, 2
arguabl, 2
recess, 2
ebv, 2
monkey, 2
sarah, 2
thanx, 2
erik, 2
marri, 2
wrench, 2
acadia, 2
lamb, 2
frozen, 2
prejudic, 2
scale, 2
adul, 2
abhin, 2
lawn, 2
mow, 2
financi, 2
urgent, 2
kickback, 2
invest, 2
singla, 2
foreign, 2
medcomp, 2
bugger, 2
burrow, 2
canadian, 2
ossd, 2
apart, 2
gainesvill, 2
szi, 2
shove, 2
paint, 2
homepathi, 2
repost, 2
tartar, 2
univeristi, 2
preach, 2
rod, 2
enantiom, 2
microscop, 2
yoghurt, 2
spotti, 2
mucous, 2
holocaust, 2
parasit, 2
gia, 2
sco, 2
diplomaci, 2
olmstead, 2
kiria, 2
misconcept, 2
crap, 2
fisher, 2
ryugen, 2
salut, 2
suffoc, 2
wordi, 2
loath, 2
dickinson, 2
ther, 2
seal, 2
blown, 2
pour, 2
barbara, 2
embarrass, 2
dicarboxyl, 2
curabl, 2
untreat, 2
newsland, 2
widespread, 2
eyebal, 2
podiatr, 2
valv, 2
pocket, 2
margaret, 2
podiatri, 2
begun, 2
synthes, 2
titl, 2
paradox, 2
alleri, 2
mutat, 2
afterward, 2
ald, 2
nasalchrom, 2
winco, 2
dean, 2
caution, 2
allergist, 2
diminish, 2
sheath, 1
discern, 1
demyelin, 1
amn, 1
fibr, 1
juri, 1
oppinion, 1
demolish, 1
shadow, 1
predecessor, 1
ardent, 1
anglophil, 1
tuesday, 1
francophob, 1
whereupon, 1
jem, 1
planet, 1
writer, 1
senior, 1
attorney, 1
subcommitte, 1
waxman, 1
sanitari, 1
modest, 1
shave, 1
nrdc, 1
watersh, 1
hydraul, 1
culmin, 1
medford, 1
melros, 1
hilton, 1
needham, 1
newtoncent, 1
marblehead, 1
quinci, 1
doctrinair, 1
norwood, 1
framingham, 1
canton, 1
chelsea, 1
rewrot, 1
antiqu, 1
hunch, 1
everett, 1
lexington, 1
controveri, 1
bay, 1
bedford, 1
malden, 1
taller, 1
rever, 1
buttock, 1
woburn, 1
dangl, 1
swampscott, 1
beest, 1
saugus, 1
somervill, 1
draw, 1
stoneman, 1
brooklin, 1
undersid, 1
wakefield, 1
waltham, 1
watertown, 1
weston, 1
slump, 1
dedham, 1
winchest, 1
winthrop, 1
flop, 1
arlington, 1
belmont, 1
dpw, 1
appendix, 1
verbatim, 1
camden, 1
hts, 1
mcwa, 1
workspac, 1
strengthen, 1
splint, 1
upland, 1
greec, 1
chappaqua, 1
mamaronek, 1
doubli, 1
westchest, 1
haven, 1
inexperienc, 1
shamokin, 1
plexus, 1
roar, 1
comp, 1
amt, 1
wind, 1
gap, 1
apollo, 1
westmoreland, 1
fayettvill, 1
guilford, 1
debri, 1
humlock, 1
overplay, 1
lubric, 1
springbrook, 1
municip, 1
borough, 1
pottsvill, 1
schuykil, 1
mun, 1
fishersvill, 1
lactic, 1
anaerob, 1
fran, 1
reno, 1
westpac, 1
pegasus, 1
fathom, 1
janet, 1
jaksti, 1
ceclor, 1
suprax, 1
colbi, 1
gelatin, 1
becasu, 1
bogus, 1
hypothesis, 1
baselin, 1
kent, 1
gps, 1
tie, 1
grin, 1
stood, 1
spock, 1
stonn, 1
foremost, 1
uncompress, 1
genius, 1
korzybski, 1
physcist, 1
ointment, 1
caringforwrist, 1
scoop, 1
spoofer, 1
watcher, 1
idl, 1
keybd, 1
butyl, 1
ether, 1
methanex, 1
vilok, 1
kusumakar, 1
postscript, 1
osi, 1
command, 1
bunch, 1
hacker, 1
cea, 1
alto, 1
ami, 1
mossman, 1
carolin, 1
envelop, 1
subscript, 1
adob, 1
nichol, 1
screwbal, 1
lafayett, 1
quark, 1
triumph, 1
mitscherlich, 1
directori, 1
polar, 1
indistinguish, 1
uab, 1
spare, 1
horizon, 1
occupi, 1
trampl, 1
meadow, 1
fraught, 1
vivid, 1
loos, 1
soil, 1
fledg, 1
arithmet, 1
wiggl, 1
dirt, 1
ted, 1
flaki, 1
chiropracti, 1
lehr, 1
desiderata, 1
weistrass, 1
stultif, 1
arbit, 1
forego, 1
arrog, 1
perus, 1
jenner, 1
framework, 1
inappropri, 1
apprais, 1
conflict, 1
lakato, 1
feyerabend, 1
kuhn, 1
impecc, 1
findog, 1
erron, 1
tank, 1
descend, 1
skip, 1
cocki, 1
uncompl, 1
car, 1
built, 1
ansaid, 1
hsh, 1
workload, 1
meclomen, 1
azulfadin, 1
audibl, 1
contributor, 1
mycoplasma, 1
cipr, 1
throb, 1
prerequisit, 1
solvent, 1
reset, 1
settabl, 1
casio, 1
heh, 1
techi, 1
panacea, 1
abeit, 1
phd, 1
startup, 1
filenam, 1
lincoln, 1
middletown, 1
submiss, 1
rack, 1
smile, 1
goddamn, 1
uncomfi, 1
cool, 1
mom, 1
freeman, 1
lump, 1
sacrific, 1
mailer, 1
garbl, 1
log, 1
naomi, 1
courter, 1
mcnc, 1
bulli, 1
overwhelm, 1
missouri, 1
immunoglobin, 1
calf, 1
colostrum, 1
gross, 1
rheumatoid, 1
unpredict, 1
prais, 1
everpres, 1
stressfre, 1
microbreweri, 1
ale, 1
visionari, 1
lifeguard, 1
hail, 1
uae, 1
fitt, 1
phlebottom, 1
totem, 1
electrolyt, 1
hemoglobin, 1
mortem, 1
sarcoidosi, 1
bombard, 1
workplac, 1
prednisolon, 1
mexican, 1
guin, 1
wire, 1
tall, 1
woodland, 1
enterpris, 1
skinni, 1
eyercis, 1
reynold, 1
jargon, 1
simul, 1
regi, 1
donovan, 1
cousin, 1
dryness, 1
biliari, 1
pseudolymphoma, 1
whichev, 1
splenomegali, 1
erythema, 1
nodosum, 1
teh, 1
systm, 1
camino, 1
uncrit, 1
weel, 1
stll, 1
prednisol, 1
audioport, 1
darvocet, 1
microphon, 1
tomorrow, 1
commul, 1
bladder, 1
fare, 1
goddard, 1
considin, 1
intercours, 1
boyfriend, 1
reinfect, 1
fermi, 1
acceler, 1
divers, 1
batavia, 1
toxicologist, 1
instinct, 1
typist, 1
hostag, 1
royal, 1
bacteriophag, 1
locust, 1
phage, 1
circumfer, 1
axi, 1
mandel, 1
halo, 1
scheifler, 1
inordin, 1
erb, 1
clearer, 1
aclimat, 1
kit, 1
cheetham, 1
hawk, 1
tower, 1
soy, 1
pandya, 1
ravi, 1
vanharen, 1
pcdehp, 1
woltr, 1
calvin, 1
wes, 1
haan, 1
bekin, 1
honda, 1
marriag, 1
nicholson, 1
quilti, 1
activitiest, 1
discredit, 1
excert, 1
wurtman, 1
plc, 1
kenney, 1
incis, 1
reshap, 1
interf, 1
ono, 1
kiryat, 1
ergopl, 1
octima, 1
stutter, 1
manner, 1
miscommun, 1
thistledown, 1
matia, 1
anxiet, 1
hing, 1
penicillin, 1
glandular, 1
oneida, 1
weinreigh, 1
relativist, 1
rosi, 1
torso, 1
jone, 1
yukon, 1
clam, 1
circl, 1
waterfront, 1
seafood, 1
chevi, 1
woodhollow, 1
homemad, 1
won, 1
collaps, 1
width, 1
restuar, 1
thai, 1
leandro, 1
uteri, 1
endometri, 1
hodg, 1
cyst, 1
cps, 1
impic, 1
suicid, 1
disguis, 1
minus, 1
sylvan, 1
mill, 1
blazi, 1
geowork, 1
desqview, 1
cerebrospin, 1
nmda, 1
glial, 1
sinai, 1
transport, 1
alsoinvolv, 1
potentialt, 1
sez, 1
rubber, 1
subtl, 1
sulfa, 1
televideo, 1
rand, 1
rosenquist, 1
curv, 1
osf, 1
basicali, 1
lunatik, 1
clamp, 1
circumst, 1
marshal, 1
trivial, 1
snippet, 1
amstrad, 1
plagu, 1
hardi, 1
amniocentesi, 1
barrett, 1
chorion, 1
hobday, 1
villi, 1
pamela, 1
obn, 1
crate, 1
molesey, 1
lane, 1
orchard, 1
fruton, 1
anabol, 1
firmwar, 1
biochemist, 1
clever, 1
velikovskian, 1
danazol, 1
frown, 1
blank, 1
accessori, 1
polygenet, 1
typingtutor, 1
cultiv, 1
quest, 1
schaeffer, 1
shirley, 1
easter, 1
improp, 1
pacif, 1
wadsworth, 1
rearrang, 1
digress, 1
infinit, 1
modif, 1
temporarili, 1
slice, 1
sour, 1
dieter, 1
unisi, 1
awok, 1
ost, 1
snail, 1
szmanda, 1
verg, 1
menomone, 1
carrier, 1
appleton, 1
autimmun, 1
pod, 1
unkind, 1
varic, 1
hyperestrogenemia, 1
telangiactasia, 1
roggenbuck, 1
gynecomastia, 1
nevertheless, 1
expo, 1
macworld, 1
sprinkl, 1
redund, 1
overbroad, 1
hmos, 1
subtract, 1
incent, 1
vicknair, 1
bond, 1
miniscul, 1
belittl, 1
baton, 1
lanier, 1
emstat, 1
humili, 1
navig, 1
voicetyp, 1
vindict, 1
milligan, 1
taint, 1
equat, 1
sec, 1
paus, 1
gizmo, 1
wherein, 1
malfunct, 1
oversimplif, 1
microchannel, 1
aristotl, 1
mud, 1
hop, 1
lsd, 1
relish, 1
wrap, 1
factual, 1
tommorrow, 1
immut, 1
gold, 1
transcript, 1
gonad, 1
arbitrari, 1
arrow, 1
alphanumer, 1
prototyp, 1
circumventricular, 1
adeno, 1
neurohypophysi, 1
emin, 1
denis, 1
blurb, 1
cvo, 1
flux, 1
somatostatin, 1
strand, 1
foldabl, 1
menstrual, 1
laryng, 1
thyroid, 1
ditch, 1
misgiv, 1
hume, 1
judi, 1
rigid, 1
narrowli, 1
concordia, 1
quebec, 1
connector, 1
powder, 1
mckay, 1
chiao, 1
tung, 1
roc, 1
taipei, 1
diploma, 1
cancel, 1
conscienc, 1
fraudul, 1
yawn, 1
rubenfeld, 1
endpoint, 1
stalem, 1
xsendev, 1
unextend, 1
bemoan, 1
patchlevel, 1
exodus, 1
unsuccess, 1
blunder, 1
widget, 1
esteem, 1
ayurveda, 1
nosod, 1
financ, 1
undertaken, 1
ruler, 1
curs, 1
uneduc, 1
uncivil, 1
proprietari, 1
doctrin, 1
frontier, 1
dissatisfi, 1
lousi, 1
thorson, 1
mini, 1
uuencod, 1
liu, 1
textbook, 1
sibl, 1
hype, 1
grunt, 1
advisor, 1
damn, 1
surest, 1
ruin, 1
boss, 1
pomeranian, 1
backpack, 1
tick, 1
experimentali, 1
ellus, 1
causit, 1
noteworthi, 1
addendum, 1
bran, 1
snarf, 1
satieti, 1
sweater, 1
trim, 1
overnight, 1
habitrol, 1
ciba, 1
marion, 1
meril, 1
dow, 1
nicotrol, 1
warner, 1
lambert, 1
prostep, 1
elan, 1
phenylketonuria, 1
drum, 1
burner, 1
flail, 1
calibr, 1
irrelev, 1
emba, 1
roam, 1
naturalist, 1
galapago, 1
shelley, 1
brent, 1
pertin, 1
rile, 1
exponenti, 1
indiana, 1
blast, 1
checkman, 1
observatori, 1
aspir, 1
bishop, 1
coccidiod, 1
reckless, 1
mcelwain, 1
sincer, 1
excori, 1
dia, 1
knight, 1
berendo, 1
orthodox, 1
agoni, 1
mutil, 1
columbus, 1
emerald, 1
subconsci, 1
delight, 1
inexpens, 1
spenc, 1
trio, 1
extraordinari, 1
taheebo, 1
interferon, 1
forecast, 1
sleet, 1
weatherman, 1
friedman, 1
eulen, 1
grenzig, 1
mega, 1
jan, 1
sandi, 1
pearson, 1
durk, 1
schichtel, 1
bedtim, 1
juliano, 1
bekofski, 1
dismutas, 1
superoxid, 1
jeann, 1
selenium, 1
eichhorn, 1
yankus, 1
jel, 1
ruzak, 1
backup, 1
chief, 1
miscellan, 1
presbyterian, 1
ambient, 1
bimonth, 1
felix, 1
thunder, 1
gullata, 1
game, 1
rabbi, 1
parish, 1
danc, 1
fountainbleu, 1
jericho, 1
turnpik, 1
franc, 1
ticket, 1
congratul, 1
marathon, 1
chomp, 1
fantast, 1
dialysi, 1
speedi, 1
sideway, 1
mend, 1
tulip, 1
immers, 1
ester, 1
overflow, 1
bathtub, 1
hydrolysi, 1
formic, 1
retina, 1
detoxif, 1
drunk, 1
ethyl, 1
preferenti, 1
doom, 1
duce, 1
safer, 1
sulfit, 1
osco, 1
squeez, 1
tab, 1
tentat, 1
raisin, 1
credibl, 1
veteran, 1
videotap, 1
reducio, 1
absurdum, 1
desensit, 1
hinder, 1
unfair, 1
imput, 1
scrape, 1
vein, 1
kernel, 1
wotta, 1
teabag, 1
wrt, 1
abscess, 1
philisoph, 1
exclud, 1
groceri, 1
particularili, 1
appolig, 1
transplan, 1
appoxim, 1
cvs, 1
monger, 1
succes, 1
inder, 1
mysolin, 1
underproduc, 1
xenograft, 1
formaldahyd, 1
satiat, 1
aday, 1
coke, 1
absurd, 1
stem, 1
misalign, 1
accupuntunc, 1
tour, 1
chacaneri, 1
fakeri, 1
brachial, 1
xenotranspl, 1
evapor, 1
volumin, 1
soc, 1
transduct, 1
schnapf, 1
repons, 1
yau, 1
mcgill, 1
turtl, 1
stimuli, 1
ucrengr, 1
strait, 1
hodgkin, 1
oracl, 1
sinauer, 1
hurvich, 1
leo, 1
winston, 1
rhiehart, 1
boynton, 1
oldish, 1
charm, 1
germani, 1
swiss, 1
vienna, 1
innsbruck, 1
handwav, 1
powerless, 1
aris, 1
ommatidia, 1
spectral, 1
detector, 1
neuroderm, 1
surpress, 1
aritcl, 1
offens, 1
cardio, 1
dopler, 1
wavelength, 1
confound, 1
echocardiographi, 1
photoreceptor, 1
crab, 1
hosesho, 1
reddish, 1
haw, 1
informatin, 1
becous, 1
reiter, 1
fermilab, 1
excedrin, 1
manganes, 1
ibuprofen, 1
synerg, 1
cornel, 1
otto, 1
vit, 1
honey, 1
eryc, 1
laden, 1
bellcor, 1
stanley, 1
septemb, 1
excerpt, 1
tradenam, 1
hungriest, 1
stir, 1
forth, 1
kilogram, 1
hunchback, 1
internew, 1
endur, 1
musculoskelet, 1
reflector, 1
doubtless, 1
angul, 1
dens, 1
al, 1
survivor, 1
bucket, 1
horn, 1
neuromuscular, 1
forearm, 1
neuropsycholog, 1
degen, 1
superimpos, 1
atroph, 1
tuber, 1
crowd, 1
handi, 1
sickl, 1
equatori, 1
hopi, 1
meteor, 1
roman, 1
king, 1
dealt, 1
menial, 1
slave, 1
bangaldesh, 1
millennia, 1
fate, 1
wipe, 1
backwat, 1
reciev, 1
bog, 1
morass, 1
banish, 1
conspicu, 1
virul, 1
theorem, 1
incompat, 1
harbor, 1
scholar, 1
formul, 1
ideal, 1
errata, 1
metronet, 1
syphilli, 1
vener, 1
retract, 1
offfic, 1
meantbi, 1
thesam, 1
couldyou, 1
densitometri, 1
jandel, 1
sigmascan, 1
liabil, 1
slough, 1
volan, 1
knead, 1
shiatsu, 1
squar, 1
sheepish, 1
orbit, 1
enclos, 1
annoy, 1
cust, 1
factori, 1
unsound, 1
atkin, 1
knobbi, 1
appt, 1
clockwis, 1
evangelist, 1
quad, 1
availbl, 1
pin, 1
overdid, 1
vouch, 1
durabl, 1
fece, 1
loosen, 1
dubious, 1
coutelli, 1
jerk, 1
ftpnuz, 1
toxoplasmosi, 1
adenoma, 1
whiplash, 1
parlodel, 1
reliv, 1
cervic, 1
chinet, 1
prison, 1
cheat, 1
grous, 1
bosnia, 1
abort, 1
congression, 1
standoff, 1
rotaract, 1
plastic, 1
nexus, 1
herm, 1
pan, 1
counteract, 1
bon, 1
landau, 1
selegilin, 1
cedarbaum, 1
immunotherapi, 1
terri, 1
miscarriag, 1
evict, 1
amitriptylin, 1
enact, 1
jake, 1
thirsti, 1
chinatown, 1
oodl, 1
basin, 1
warfar, 1
ideolog, 1
salmonella, 1
supposit, 1
unfalsifi, 1
impetus, 1
infrequ, 1
osteopathi, 1
bask, 1
skew, 1
reattach, 1
endocrinologist, 1
rehabilit, 1
sigh, 1
sclerosi, 1
platelet, 1
puffi, 1
thailand, 1
mississippi, 1
raft, 1
journey, 1
fmg, 1
telectron, 1
premarin, 1
wwii, 1
patienc, 1
crichton, 1
acetominophen, 1
decontaimin, 1
encor, 1
perscrib, 1
adulter, 1
heffner, 1
linkop, 1
codin, 1
partain, 1
oakbrook, 1
bmj, 1
possess, 1
nematod, 1
rabi, 1
alright, 1
scuttlebutt, 1
uncov, 1
muster, 1
pave, 1
garner, 1
patina, 1
intersect, 1
careless, 1
forgiv, 1
informix, 1
biophys, 1
expier, 1
moscow, 1
kravchenko, 1
natalja, 1
adit, 1
vol, 1
peta, 1
olney, 1
casual, 1
metabolis, 1
hypothalamus, 1
vertabr, 1
pray, 1
realeas, 1
pallidotomi, 1
estradiol, 1
uneth, 1
etc, 1
pollidotomi, 1
copious, 1
necessit, 1
nigral, 1
striato, 1
endocrin, 1
putat, 1
causal, 1
gutter, 1
ambul, 1
epelbaum, 1
mangl, 1
gonadotrop, 1
fluctut, 1
supress, 1
rhythmic, 1
glycogen, 1
intercon, 1
bev, 1
zalan, 1
denatur, 1
burnt, 1
bbqed, 1
bird, 1
biochem, 1
liberti, 1
feingold, 1
epilept, 1
deantha, 1
clasp, 1
shoud, 1
sporad, 1
chow, 1
forcibl, 1
precend, 1
tremend, 1
habit, 1
halid, 1
leisner, 1
incarcer, 1
xerox, 1
bankrupt, 1
fed, 1
fraud, 1
thalamus, 1
gnp, 1
cruz, 1
advert, 1
salad, 1
evan, 1
mich, 1
turkey, 1
refrenc, 1
krzeszewski, 1
healthiest, 1
disrespect, 1
wound, 1
resign, 1
portrait, 1
kelvin, 1
edmund, 1
expans, 1
vike, 1
semyon, 1
valentina, 1
colour, 1
practis, 1
ray, 1
eman, 1
foretel, 1
ampute, 1
suburban, 1
vanish, 1
grid, 1
richer, 1
incredul, 1
autumn, 1
benzocain, 1
creme, 1
cortison, 1
glow, 1
dust, 1
hobbyist, 1
basement, 1
ankl, 1
declar, 1
spark, 1
spiritu, 1
harri, 1
syllabub, 1
redraw, 1
friendlier, 1
pest, 1
lodg, 1
coeur, 1
louisvill, 1
mutton, 1
kanga, 1
chiltepin, 1
owner, 1
folklor, 1
owensboro, 1
forti, 1
meager, 1
indigen, 1
mite, 1
kiran, 1
pink, 1
sunda, 1
soggi, 1
inferior, 1
secari, 1
usc, 1
abat, 1
startl, 1
harmless, 1
creator, 1
knuckl, 1
isolst, 1
agian, 1
rescourc, 1
nassau, 1
cord, 1
household, 1
scant, 1
paltri, 1
booth, 1
downtown, 1
bold, 1
pri, 1
courag, 1
guarente, 1
trumpet, 1
gingko, 1
pore, 1
sac, 1
inguin, 1
lichen, 1
simplex, 1
chronicus, 1
hitter, 1
pitch, 1
greas, 1
crossdomin, 1
leaguer, 1
eunet, 1
vrije, 1
iodin, 1
universiteit, 1
brussel, 1
bathwat, 1
submerg, 1
faculteit, 1
geneeskund, 1
rins, 1
recherch, 1
lukewarm, 1
satir, 1
illumin, 1
krypton, 1
torus, 1
monomolecular, 1
lipid, 1
vampir, 1
fiornal, 1
sumatriptan, 1
caffien, 1
composit, 1
stevi, 1
theatr, 1
unnatur, 1
findhorn, 1
deduc, 1
ordinarili, 1
spectoscopi, 1
magellen, 1
devi, 1
orgon, 1
occassion, 1
levit, 1
atlant, 1
miskaton, 1
kaspar, 1
satterle, 1
colin, 1
henein, 1
axel, 1
regulari, 1
dunkel, 1
evok, 1
jesus, 1
eugenio, 1
nchez, 1
ramakrishna, 1
reddi, 1
hav, 1
herniat, 1
anugula, 1
degeneratig, 1
app, 1
alicia, 1
perdu, 1
bain, 1
meantim, 1
balamut, 1
gastriti, 1
waltenspiel, 1
motrin, 1
ernest, 1
cline, 1
coleman, 1
donnelli, 1
coughran, 1
stephani, 1
drs, 1
brenda, 1
barton, 1
deborah, 1
gillaspi, 1
reid, 1
mcguir, 1
enrico, 1
coiera, 1
franklin, 1
hardcor, 1
forgotten, 1
alaskan, 1
helou, 1
gail, 1
gurman, 1
woodburi, 1
leila, 1
gretchen, 1
handel, 1
hubert, 1
hed, 1
herbert, 1
petro, 1
ingrid, 1
hudson, 1
huff, 1
huffman, 1
minh, 1
letharg, 1
huynh, 1
ishbel, 1
langdel, 1
cullingford, 1
randel, 1
jesup, 1
joyc, 1
joe, 1
petranov, 1
burton, 1
joey, 1
maynard, 1
kerri, 1
boni, 1
raymond, 1
dickey, 1
knauerhas, 1
riddl, 1
kolar, 1
metastas, 1
kriguer, 1
troublesom, 1
lau, 1
antichiropract, 1
boylan, 1
roseman, 1
marilyn, 1
microfractur, 1
ligament, 1
silent, 1
elus, 1
exorcis, 1
beamish, 1
maa, 1
sublux, 1
chiropractorstreat, 1
gerri, 1
macridi, 1
vanderford, 1
berch, 1
mauricio, 1
contrera, 1
martha, 1
focuss, 1
gunnarson, 1
misha, 1
glouberman, 1
manish, 1
sharnoff, 1
nathan, 1
owen, 1
pam, 1
sullivan, 1
prescod, 1
kane, 1
glenn, 1
popelka, 1
pulkka, 1
watkin, 1
robyn, 1
denial, 1
kozierok, 1
schreiber, 1
punish, 1
joan, 1
stout, 1
meningococc, 1
rifampin, 1
squibb, 1
sharan, 1
kalwani, 1
rund, 1
floyd, 1
shipman, 1
shoppa, 1
susan, 1
surendar, 1
chandra, 1
taryn, 1
westergaard, 1
pneumococcus, 1
timothi, 1
aanerud, 1
vanessa, 1
stern, 1
wahlgren, 1
waterfal, 1
molli, 1
taksar, 1
rodham, 1
hillari, 1
franci, 1
barksdal, 1
jubal, 1
tipoff, 1
lopez, 1
fingertip, 1
kashina, 1
clive, 1
anton, 1
noel, 1
shunt, 1
cardiopulmonari, 1
sdf, 1
peterson, 1
paw, 1
stron, 1
sprink, 1
marinad, 1
papain, 1
scotland, 1
purist, 1
vinci, 1
insignific, 1
etern, 1
ame, 1
genetic, 1
huang, 1
seagul, 1
highlight, 1
dwovax, 1
obesss, 1
ritualist, 1
impuls, 1
blasphem, 1
inversus, 1
olliv, 1
ciliari, 1
wendel, 1
belong, 1
youngstown, 1
nonsteroid, 1
buffalo, 1
dilig, 1
leukodystrophi, 1
surmis, 1
lithuanian, 1
compars, 1
zolft, 1
enlight, 1
robi, 1
skinner, 1
jodrey, 1
pst, 1
datelin, 1
deffect, 1
mosbi, 1
bless, 1
afront, 1
jewish, 1
hyde, 1
overprolifer, 1
qualif, 1
overgrowth, 1
streptococcus, 1
thermophilus, 1
bulgaricus, 1
neu, 1
crown, 1
cheesi, 1
narcot, 1
migrat, 1
beauti, 1
hilt, 1
drill, 1
elong, 1
flatten, 1
anticonvuls, 1
column, 1
royko, 1
debt, 1
felbam, 1
sharp, 1
stuffi, 1
salin, 1
sympathi, 1
rohm, 1
haa, 1
lobbi, 1
papillari, 1
fisherman, 1
fell, 1
toliber, 1
checklist, 1
bureaucrat, 1
photocopi, 1
sulfatrim, 1
rhinoscopi, 1
shalom, 1
pander, 1
billari, 1
computer, 1
peddl, 1
eliez, 1
tripo, 1
microprocessor, 1
strobe, 1
sync, 1
tranc, 1
delta, 1
lieu, 1
zoloft, 1
sue, 1
joshua, 1
radioligist, 1
ipratroprium, 1
bromid, 1
adaptor, 1
intranas, 1
palsi, 1
outward, 1
restor, 1
luft, 1
techonolog, 1
fifth, 1
scrap, 1
girli, 1
berryhil, 1
disparag, 1
hominem, 1
distend, 1
crainial, 1
ergotamin, 1
discrep, 1
gastrointestin, 1
belli, 1
adaptiov, 1
opf, 1
effet, 1
resopir, 1
inetract, 1
vangus, 1
vertebr, 1
aggriv, 1
histamin, 1
circulatori, 1
testosteron, 1
nightim, 1
synergyst, 1
blocker, 1
shrimp, 1
diesel, 1
fume, 1
propanolol, 1
noon, 1
quak, 1
hazi, 1
fernando, 1
evil, 1
moster, 1
inflict, 1
gimm, 1
fan, 1
recycl, 1
woud, 1
healthier, 1
stronger, 1
gaslin, 1
nickel, 1
jar, 1
rectifi, 1
temptat, 1
mae, 1
privaci, 1
recuper, 1
romano, 1
poet, 1
pope, 1
thi, 1
wrestl, 1
psychoanalyt, 1
rascal, 1
freudian, 1
soemth, 1
nynex, 1
unconvent, 1
andes, 1
wad, 1
bobbi, 1
formula, 1
lightheaded, 1
jog, 1
hike, 1
custodi, 1
peru, 1
tactic, 1
dress, 1
telecomput, 1
juvenil, 1
macular, 1
prognosi, 1
utcc, 1
horrid, 1
tom, 1
toronto, 1
moan, 1
cna, 1
ryan, 1
psudo, 1
unfit, 1
coninu, 1
cypher, 1
unsubscrib, 1
meaningful, 1
bbb, 1
princ, 1
koresh, 1
lunat, 1
overcolon, 1
mpds, 1
demerol, 1
needlesus, 1
snag, 1
bloodvessel, 1
herbal, 1
solutionsand, 1
meridian, 1
tcm, 1
gerd, 1
samll, 1
border, 1
schmear, 1
exterior, 1
wei, 1
fusion, 1
reccur, 1
london, 1
acclimat, 1
ident, 1
centur, 1
illiac, 1
resurg, 1
fallen, 1
nomine, 1
zation, 1
lupus, 1
otho, 1
greg, 1
nigh, 1
daypro, 1
aldri, 1
surg, 1
mccurdi, 1
sing, 1
feedback, 1
negatv, 1
edg, 1
starter, 1
fighter, 1
carton, 1
dip, 1
paraffin, 1
dryden, 1
kotfr, 1
cylind, 1
shafer, 1
sloppi, 1
candi, 1
inelig, 1
embassi, 1
anatom, 1
congressman, 1
tack, 1
spous, 1
senil, 1
zip, 1
karl, 1
accentu, 1
dussik, 1
aerospac, 1
dnif, 1
aircrew, 1
render, 1
rebound, 1
unpressur, 1
withdrawl, 1
mitral, 1
huntington, 1
previuo, 1
sweati, 1
cockpit, 1
pig, 1
savouri, 1
cracker, 1
nash, 1
biannual, 1
clutter, 1
neurovascular, 1
lotteri, 1
nielsen, 1
magnus, 1
adder, 1
hoax, 1
willian, 1
horatio, 1
eyesight, 1
aldous, 1
beleiv, 1
supposed, 1
magnifi, 1
svm, 1
broadcast, 1
neat, 1
brundag, 1
steadili, 1
neighborhood, 1
metro, 1
heterosexu, 1
homosexu, 1
uniform, 1
meanwhil, 1
stressor, 1
coincid, 1
campaign, 1
gonorrhoea, 1
prostitut, 1
goldberg, 1
sharrar, 1
andrus, 1
harger, 1
keller, 1
gershman, 1
legisl, 1
analyz, 1
brfss, 1
modul, 1
nonus, 1
subgroup, 1
sharpli, 1
nonbelt, 1
intensifi, 1
lowest, 1
partyka, 1
guerin, 1
prob, 1
mackinnon, 1
astrocytoma, 1
passeng, 1
hall, 1
suttl, 1
barnwel, 1
hunt, 1
lavang, 1
voluntari, 1
demograph, 1
stutt, 1
stewart, 1
rodgman, 1
seatbelt, 1
jurisdict, 1
atlanta, 1
poisson, 1
aortic, 1
bifida, 1
dime, 1
vital, 1
index, 1
territori, 1
epidemiologist, 1
sentinel, 1
nonsystemat, 1
shift, 1
subtyp, 1
amantadin, 1
inclus, 1
louisa, 1
suzann, 1
gaventa, 1
connaught, 1
mainstay, 1
clarifi, 1
preimplant, 1
fibrosi, 1
hybrid, 1
probe, 1
counsel, 1
unfertil, 1
incub, 1
androlog, 1
microscopi, 1
follicular, 1
gnrh, 1
analogu, 1
depo, 1
disconcert, 1
predictor, 1
exogen, 1
earliest, 1
delin, 1
uterin, 1
chromosom, 1
recours, 1
lumen, 1
vivo, 1
maladi, 1
freez, 1
idiopath, 1
registri, 1
accru, 1
fertiliz, 1
supernumerari, 1
micromanipul, 1
perccent, 1
motil, 1
enzymat, 1
impos, 1
unquestion, 1
sequenti, 1
launch, 1
signifi, 1
cecil, 1
jam, 1
tew, 1
richmond, 1
activist, 1
dobson, 1
precaut, 1
philadelphia, 1
divid, 1
holist, 1
dollar, 1
kaiya, 1
suspicion, 1
compos, 1
leanna, 1
bastyr, 1
naturopath, 1
decim, 1
bass, 1
paolo, 1
lusso, 1
uncl, 1
uncertain, 1
politician, 1
orang, 1
uucp, 1
emori, 1
combat, 1
hasten, 1
enorm, 1
grn, 1
vice, 1
gore, 1
seth, 1
rockefel, 1
gigant, 1
leadership, 1
complac, 1
mileston, 1
anticip, 1
immatur, 1
childbear, 1
correspond, 1
entri, 1
lesser, 1
ketosi, 1
recombin, 1
keton, 1
subunit, 1
biocin, 1
twelv, 1
lauri, 1
doepel, 1
institu, 1
opportunist, 1
incomplet, 1
crust, 1
noncancer, 1
papillomavirus, 1
ultraviolet, 1
nickola, 1
abner, 1
katz, 1
staf, 1
monday, 1
subspecialti, 1
outpati, 1
inpati, 1
spanish, 1
herebi, 1
fidonet, 1
ocr, 1
scanner, 1
tobacoo, 1
insitut, 1
mednew, 1
scanjet, 1
lynch, 1
iip, 1
carol, 1
sigelman, 1
carla, 1
moos, 1
judith, 1
schrier, 1
calera, 1
accufont, 1
multitud, 1
captur, 1
tiff, 1
pcx, 1
satisfaxt, 1
legionnair, 1
undermin, 1
staphylococc, 1
immunocompromis, 1
turner, 1
underserv, 1
burnet, 1
kunin, 1
antimicrobi, 1
lederberg, 1
shope, 1
unidentifi, 1
pole, 1
admiss, 1
seven, 1
sorbitol, 1
macconkey, 1
traceback, 1
hemorhag, 1
carcass, 1
snohomish, 1
opthamologist, 1
mycot, 1
bacterium, 1
roast, 1
multicent, 1
shigella, 1
clinician, 1
unawar, 1
tired, 1
elder, 1
magnitud, 1
agar, 1
grind, 1
interior, 1
underscor, 1
antero, 1
remi, 1
helgerson, 1
engl, 1
enterohemorrhag, 1
epidemiol, 1
rev, 1
ostroff, 1
ratnam, 1
latex, 1
agglutin, 1
moist, 1
noninstitution, 1
nonrespons, 1
tricycl, 1
poverti, 1
athlet, 1
risen, 1
integr, 1
tax, 1
commensur, 1
prohibit, 1
inspector, 1
connolli, 1
orlean, 1
blum, 1
snuf, 1
foreyt, 1
jackson, 1
squir, 1
gotto, 1
behav, 1
glover, 1
laflin, 1
ioniz, 1
tabul, 1
tan, 1
royston, 1
livebirth, 1
unsaf, 1
aerodynam, 1
micron, 1
finer, 1
cubic, 1
thorac, 1
milli, 1
prematur, 1
bronchiti, 1
actor, 1
pmio, 1
carbon, 1
chamber, 1
dioxid, 1
reexamin, 1
reassur, 1
dysplast, 1
nevi, 1
dissect, 1
paroxysm, 1
intracrani, 1
broaden, 1
affili, 1
innov, 1
interdisciplinari, 1
birmingham, 1
jonsson, 1
plaza, 1
min, 1
soap, 1
brush, 1
eastlak, 1
scrub, 1
yale, 1
cedar, 1
lombardi, 1
georgetown, 1
sylvest, 1
oncolog, 1
meyer, 1
prenti, 1
simpson, 1
mayo, 1
minnesota, 1
roswel, 1
elm, 1
unc, 1
lineberg, 1
bowman, 1
hawthorn, 1
fox, 1
chase, 1
burholm, 1
spruce, 1
lifestyl, 1
meyran, 1
holcomb, 1
hutchinson, 1
highland, 1
beckman, 1
duart, 1
elmwood, 1
ireland, 1
cleveland, 1
abington, 1
roger, 1
chalkston, 1
lauderdal, 1
massey, 1
commonwealth, 1
msdos, 1
binari, 1
compactor, 1
clanci, 1
saisho, 1
jeopard, 1
reuter, 1
contend, 1
immuno, 1
thwart, 1
vaxsyn, 1
bernadin, 1
commission, 1
kessler, 1
volvovitz, 1
intrinsici, 1
vasoconstrict, 1
fuzzier, 1
copenhagen, 1
mafia, 1
cbf, 1
domain, 1
scroung, 1
newfoundland, 1
almighti, 1
prowess, 1
bow, 1
almight, 1
cdp, 1
vlbi, 1
tear, 1
hugh, 1
stx, 1
gsfc, 1
caprett, 1
giant, 1
ayth, 1
apprciat, 1
lisa, 1
megna, 1
mentiond, 1
comeback, 1
probali, 1
excers, 1
aerob, 1
duff, 1
finish, 1
perish, 1
shun, 1
unreli, 1
unwilling, 1
verac, 1
spoke, 1
glioblastoma, 1
audit, 1
auspic, 1
shrinkag, 1
scheim, 1
tubulin, 1
viscous, 1
licoric, 1
vibrat, 1
ditto, 1
acoust, 1
badan, 1
brag, 1
spong, 1
borrow, 1
asleep, 1
sheryl, 1
cola, 1
coppeng, 1
postdoc, 1
anecedot, 1
biostat, 1
unoc, 1
bioelectr, 1
frankenstein, 1
reanim, 1
volta, 1
revert, 1
supernatur, 1
testicl, 1
recollect, 1
asssur, 1
hypochondriac, 1
blur, 1
jacquier, 1
soar, 1
amazonian, 1
grass, 1
garbag, 1
microsystem, 1
dad, 1
lawyer, 1
stickler, 1
datura, 1
pihkah, 1
cob, 1
absorpt, 1
corni, 1
roo, 1
pobox, 1
valimoti, 1
helsinki, 1
bitchi, 1
hang, 1
reg, 1
int, 1
aaai, 1
sponsor, 1
biomatrix, 1
inaugur, 1
microbiologist, 1
task, 1
abstract, 1
rockvill, 1
pike, 1
negoti, 1
conveni, 1
subway, 1
amtrak, 1
airport, 1
menlo, 1
templ, 1
surbramaniam, 1
probabilist, 1
hsu, 1
nichola, 1
substructur, 1
globular, 1
berg, 1
dirichlet, 1
haussler, 1
ferrara, 1
mclarti, 1
tale, 1
leroy, 1
hood, 1
bolden, 1
tibbett, 1
skiena, 1
sundaram, 1
milosavljev, 1
oligonucleotid, 1
solovyev, 1
overton, 1
crystallographi, 1
berman, 1
klingler, 1
dimension, 1
altman, 1
prefront, 1
unifi, 1
silico, 1
bullet, 1
sieburg, 1
baray, 1
bottleneck, 1
veretnik, 1
schatz, 1
glasgow, 1
biomolecular, 1
klein, 1
pescitelli, 1
wong, 1
topolog, 1
reev, 1
multidimension, 1
nmr, 1
montelion, 1
carcinogenesi, 1
bahler, 1
bristol, 1
mah, 1
califano, 1
rigoutso, 1
chan, 1
stolfo, 1
salient, 1
cherkauer, 1
kim, 1
modular, 1
chich, 1
guidi, 1
roderick, 1
durat, 1
helgesen, 1
sibbald, 1
hofestedt, 1
kettler, 1
darden, 1
potter, 1
automaton, 1
lefevr, 1
ikeda, 1
linkag, 1
perlin, 1
chakravarti, 1
matsushima, 1
primat, 1
splice, 1
junction, 1
nguifo, 1
prokaryot, 1
liebman, 1
automata, 1
peng, 1
springer, 1
patrick, 1
konagaya, 1
vanhala, 1
kaski, 1
indurkhya, 1
symbol, 1
biologist, 1
ariadn, 1
academia, 1
artif, 1
koza, 1
vocabulari, 1
taxonom, 1
faculti, 1
trifinov, 1
counselor, 1
dayton, 1
nlm, 1
buchanan, 1
christian, 1
gribskov, 1
kazic, 1
katsumi, 1
nitta, 1
icot, 1
rutger, 1
ross, 1
overbeek, 1
argonn, 1
rawl, 1
icrf, 1
derek, 1
sleeman, 1
stormo, 1
uberbach, 1
ridg, 1
waltz, 1
strawman, 1
unsteril, 1
greenstein, 1
laughter, 1
idioci, 1
corelli, 1
plenum, 1
microorgan, 1
relianc, 1
ecolog, 1
societ, 1
entitl, 1
irbi, 1
buster, 1
violent, 1
inconclus, 1
supermarket, 1
pharmacologist, 1
overemphas, 1
laps, 1
irrevers, 1
circumsrt, 1
exoner, 1
abund, 1
unimagin, 1
benzodiazepin, 1
tranquil, 1
librium, 1
gemfibrozil, 1
brandon, 1
brylawski, 1
storagetek, 1
triglycerid, 1
sheila, 1
ostrand, 1
schroeder, 1
tesla, 1
copper, 1
roller, 1
forinst, 1
bioplasm, 1
fieldthat, 1
dismiss, 1
vegan, 1
rumin, 1
braod, 1
primer, 1
trueli, 1
monilia, 1
candidiasi, 1
foster, 1
easliy, 1
usus, 1
discontinu, 1
acidophilius, 1
minimm, 1
puriti, 1
writ, 1
acet, 1
acidophili, 1
aresol, 1
accost, 1
erika, 1
contagiosem, 1
wacki, 1
dolli, 1
parton, 1
mollusc, 1
linger, 1
trouser, 1
lactas, 1
descent, 1
ncd, 1
houston, 1
herein, 1
dorsal, 1
slit, 1
mammal, 1
circumcis, 1
anesthet, 1
aesthet, 1
urologist, 1
wean, 1
tqm, 1
locus, 1
tron, 1
tollfre, 1
neorologist, 1
sophomor, 1
nighttim, 1
lazi, 1
repent, 1
briefli, 1
erythropoiten, 1
lewitt, 1
prentic, 1
queensland, 1
construvt, 1
parachut, 1
geraghti, 1
joy, 1
citr, 1
music, 1
wealth, 1
adjud, 1
concensus, 1
optimum, 1
straightforward, 1
summaris, 1
pete, 1
deputi, 1
bridgend, 1
oppressor, 1
apocalyps, 1
transmitt, 1
oxford, 1
humanitarian, 1
licenc, 1
temper, 1
empathi, 1
obedi, 1
esthet, 1
inbetween, 1
orthomolecular, 1
carrot, 1
reevalu, 1
lopsid, 1
dug, 1
aspergilli, 1
infest, 1
partway, 1
auster, 1
tenabl, 1
mycolog, 1
mold, 1
flaw, 1
ostia, 1
vast, 1
undertook, 1
unwil, 1
honest, 1
enamor, 1
sworn, 1
exhaust, 1
riski, 1
pronto, 1
altruist, 1
compass, 1
soapbox, 1
muco, 1
soul, 1
harden, 1
lurk, 1
pyscholog, 1
psychadel, 1
hallucin, 1
absorbt, 1
muscular, 1
round, 1
bandag, 1
accuart, 1
hahn, 1
sticker, 1
abdomen, 1
ricotta, 1
fish, 1
skim, 1
bear, 1
rave, 1
manhattan, 1
excim, 1
ericsson, 1
painless, 1
stockholm, 1
caesarean, 1
mat, 1
winberg, 1
mellansverig, 1
kristoff, 1
stallgatan, 1
craggenmoor, 1
newcastl, 1
decapod, 1
felden, 1
lausann, 1
bilingu, 1
overload, 1
sceptiqu, 1
orl, 1
neurochirurgi, 1
plastiqu, 1
outrag, 1
urologi, 1
berth, 1
choueiri, 1
ecublen, 1
dixi, 1
radiolog, 1
herself, 1
mag, 1
sumatriptin, 1
cardiolog, 1
cardiothorac, 1
bolus, 1
tpa, 1
myocardi, 1
reperfus, 1
perfus, 1
langendorff, 1
sheep, 1
pharmaci, 1
scaveng, 1
divin, 1
pheochromocytoma, 1
concid, 1
antigen, 1
bovin, 1
westminst, 1
dont, 1
obout, 1
nasogastr, 1
intermitt, 1
obstructuon, 1
ampex, 1
redwood, 1
pragmat, 1
idealist, 1
ntj, 1
thumbnail, 1
sketch, 1
han, 1
hung, 1
greek, 1
quadrat, 1
typolog, 1
hothead, 1
unhappi, 1
egocentr, 1
histrion, 1
anxious, 1
exhibitonist, 1
graveston, 1
changeabl, 1
carefre, 1
graveyard, 1
steadfast, 1
wive, 1
prosper, 1
sociabl, 1
characteris, 1
pediat, 1
fellow, 1
asbesto, 1
emphasi, 1
hyperoxaluria, 1
significasnt, 1
upto, 1
pioneer, 1
tree, 1
rout, 1
cow, 1
instant, 1
spinach, 1
latitud, 1
rda, 1
usda, 1
antagonist, 1
solubl, 1
sacrif, 1
urol, 1
citrat, 1
physiopatholog, 1
chop, 1
clove, 1
garlic, 1
wreck, 1
jealosi, 1
tuberculin, 1
terrifi, 1
cherney, 1
hord, 1
extravers, 1
mbti, 1
fujita, 1
aquarius, 1
wool, 1
tradeoff, 1
oxygen, 1
hammer, 1
kirlean, 1
fun, 1
rosemount, 1
heck, 1
heir, 1
rank, 1
vacuum, 1
intraderm, 1
chorley, 1
jori, 1
uncommon, 1
telnet, 1
menu, 1
login, 1
cfid, 1
mcdonald, 1
dysfunct, 1
disregul, 1
disagr, 1
combo, 1
outright, 1
flood, 1
fort, 1
ihav, 1
quixot, 1
colostomi, 1
capitol, 1
rectal, 1
pouch, 1
butyr, 1
aga, 1
abbrevi, 1
hanauer, 1
commer, 1
pickl, 1
condiment, 1
inflat, 1
unbeliev, 1
bandi, 1
readership, 1
nebul, 1
obfusc, 1
coriand, 1
spice, 1
shut, 1
concret, 1
technician, 1
flap, 1
deuterium, 1
hydrogen, 1
boltzman, 1
scs, 1
uiuc, 1
poisen, 1
fraction, 1
synthesis, 1
kyanit, 1
perscript, 1
perciev, 1
alla, 1
kotenko, 1
melittin, 1
chromatograph, 1
eduip, 1
tpp, 1
littin, 1
vacant, 1
genzym, 1
diari, 1
colonel, 1
elli, 1
bnr, 1
exploratori, 1
rhabdomyosarcoma, 1
agress, 1
netland, 1
suggestiona, 1
toe, 1
blow, 1
drier, 1
justify, 1
biggi, 1
biotech, 1
enyzm, 1
macrophag, 1
glucocerebrosid, 1
brittl, 1
osteopporosi, 1
matrix, 1
jun, 1
%total_words, 99523.0